title,author
Der Medicus von Saragossa,"Gordon, Noah"
Ronja Räubertochter,"Lindgren, Astrid"
Die schwarzen Brüder,"Tetzner, Lisa"
Die rote Zora,"Held, Kurt"
Die unendliche Geschichte,"Ende, Michael"
Das doppelte Lottchen,"Kästner, Erich"
In 80 Tagen um die Welt,"Verne, Jules"
Meine ersten Weihnachtsgeschichten,Künzler-Behncke Rosmarie
"Frohe Weihnachten, liebes Christkind!","Heuck, Sigrid"
Onkel Toms Hütte,"Stowe, Harriet Beecher"
Mein Name ist Eugen,"Schädelin, Klaus"
Bad Sonder,"Clercq, Catherine de"
Wir warten aufs Christkind,"Franke, Christina"
Die schönsten Frühlings und Ostergeschichten,"Gieseler, Corinna"
Die Sticker,"Gerter, Elisabeth"
Der Medicus,"Gordon, Noah"
Hier kommt Lola!,"Abedi, Isabel"
"Engel, Hase, Bommelmütze","Weninger, Brigitte"
Lola macht Schlagzeilen,"Abedi, Isabel"
Die Abenteuer des starken Wanja,"Preussler, Otfried"
Der kleine Elch und das Weihnachtswunder,Thilo
Laura sucht den Weihnachtsmann,
Adventsgeschichten,
Igraine Ohnefurcht,"Funke, Cornelia"
Die Dreierbande und der verdächtige Fotograf,"Stellmacher, Hermien"
Fette Fische,"Hiaasen, Carl"
Emma traut sich was,"Vogel, Maja von"
ERAGON - Das Vermächtnis der Drachenreiter - Band,"Paolini, Christopher"
KAROLINA WÜNSCHT SICH EINEN KOBOLD,"Geisler, Dagmar"
Für alle Fälle Emma,"Vogel, Maja von"
Applaus für Lola,"Abedi, Isabel"
Nikolausgeschichten,"Zöller, Elisabeth"
Monster Mia - und das entführte Drachenbaby - Band,"Saddlewick, A.B"
Der kleine Drache Kokosnuss - im Spukschloss - Band 010,"Siegner, Ingo"
Der kleine Drache Kokosnuss - und die starken Wikinger -,"Siegner, Ingo"
Fussballfieber - Spannende Kickergeschichten,"Lenk, Fabian"
Klassenreise an die See,"Wiechmann, Heike"
Liliane Susewind - Ein Nilpferd auf dem Zebrastreifen -,"Stewner, Tanya"
Liliane Susewind - Viel Gerenne um eine Henne - Band,"Stewner, Tanya"
Die drei ??? Kids - Band 66 - Geheimnis im Meer,"Blanck, Ulf"
ERAGON - Der Aufrag des Ältesten - Band 002,"Paolini, Christopher"
Himmelschlüssel - Band 4,"Ohlsson, Kristina"
Die drei ??? Kids - Band 32 - Die Gruselfalle,"Pfeiffer, Boris"
Der kleine Drache und der Monsterhund,Meyer-Dietrich Inge
Verrückt nach Emma,"Vogel, Maja von"
Robinson Crusoe,"Defoe, Daniel"
Fünf Freunde - und der Hexenring - Band 053,"Blyton, Enid"
Fünf Freunde - auf hoher See - Band 054,"Blyton, Enid"
"Viel Lärm um Lila, die fabelhaften Vier","Dierks, Martina"
Vergebung Band 3,"Larsson, Stieg"
Die Tore der Welt,"Follett, Ken"
"Verdammnis, Band 2","Larsson, Stieg"
"Verblendung, Band 1","Larsson, Stieg"
Das magische Baumhaus - Band 014 - Im Land der,"Osborne, Mary Pope"
Blätterteig und Völkerball,"Ettlin, Tony"
Seelen,"Meyer, Stephenie"
Der Katalane,"Gordon, Noah"
Das magische Baumhaus - Band 009 - Der Ruf der,"Osborne, Mary Pope"
Das magische Baumhaus - Band 032 - Der gestohlene,"Osborne, Mary Pope"
Der kleine König feiert Weihnachten,"Munck, Hedwig"
Die drei ??? Kids - Band 016 - Der magische Brunnen,"Blanck, Ulf"
Das grosse Buch vom Räuber Grapsch,"Pausewang, Gudrun"
Das magische Baumhaus - Band 035 - Angriff des,"Osborne, Mary Pope"
Das magische Baumhaus - Band 002 - Der,"Osborne, Mary Pope"
Gepardensommer,"Brandis, Katja"
Die Kaminski-Kids - Band 002 - Mega Zoff!,"Meier, Carlo"
Das fliegende Klassenzimmer,"Kästner, Erich"
Emma will`s wissen,"Vogel, Maja von"
Neues vom Räuber Hotzenplotz,"Preussler, Otfried"
Fünf Freunde - Band 052 - im Gruselschloss,"Blyton, Enid"
Die Chemie des Todes,"Beckett, Simon"
Fünf Freunde - Band 059 - jagen den rätselhaften,"Blyton, Enid"
Magic Girls - Gefangen in der Unterwelt,"Arold, Marliese"
Spielmacher - Sport-Krimi,"Schlüter, Andreas"
Abgetaucht - Sport-Krimi,"Schlüter, Andreas"
Die Kaminski-Kids - Band 007 - Entscheidung im Park,"Meier, Carlo"
Ein Fall für Kommissar Maroni,"Obrist, Jürg"
Die drei ??? - Band 149 - Der namenlose Gegner,"Erlhoff, Kari"
Madita,"Lindgren, Astrid"
Die Tribute von Panem - Band 01 - Tödliche Spiele,"Collins, Suzanne"
Der Elefantentempel,"Brandis, Katja"
Die drei ??? - Band 153 - Und das Fussballphantom,"Sonnleitner, Marco"
Magic Girls - Die grosse Prüfung,"Arold, Marliese"
Als Opa alles auf den Kopf stellte,"Musgrove, Marianne"
ERAGON - Band 003 - Die Weisheit des Feuers,"Paolini, Christopher"
Ferien im Schrank,"Roeder, Annette"
Emilys Rückkehr,"Kessler, Katja"
Aufregung um Knuffel,"Bach, Berit"
Die drei ??? Kids - Band 008 - Angriff der Roboter,"Pfeiffer, Boris"
Die drei ??? Kids - Band 043 - Duell der Ritter,"Blanck, Ulf"
Die drei ??? - Band 154 - Botschaft aus der Unterwelt,"Erlhoff, Kari"
Die drei ??? - Band 155 - und der Meister des Todes,"Erlhoff, Kari"
Endlich berühmt ! Wie Greg zum Filmstar wurde,"Kinney, Jeff"
Die Kaminski-Kids - Band 012 - Das Geheimnis von,"Meier, Carlo"
Stromschnelle - Sport - Krimi,"Schlüter, Andreas"
Drachenschwester - Thubans Vermächtnis,"Troisi, Licia"
Die Rätsel der Alhambra,"Spang, Markus"
Jim Knopf und die wilde 13,"Ende, Michael"
Herr Rot in Not,"Naoura, Salah"
Leichenblässe,"Beckett, Simon"
Fünf Freunde - Band 055 - und das,"Blyton, Enid"
Die drei !!! - Band 029 - Panik im Freizeitpark,"Sol, Mira"
Koalaträume,"Brandis, Katja"
Die drei ??? - Nacht der Tiger - Band 159,"Sonnleitner, Marco"
Alles Lüge,"Feid, Anatol"
Vier zauberhafte Schwestern,"Winn, Sheridan"
Fünf Freunde - Band 061 - suchen den Piratenschatz,"Blyton, Enid"
Die drei ??? - Band 158 - und der Feuergeist,"Sonnleitner, Marco"
Die drei ??? Kids - Band 002 + 004 - In Seenot,"Blanck, Ulf"
Die drei ??? Kids - Band 010 - Die verhexte Achterbahn,"Blanck, Ulf"
Die drei ??? Kids - Band 046 - Jagd auf das Dino-Ei,"Blanck, Ulf"
Die drei ??? Kids - Band 009 - Der Geisterfluss,"Blanck, Ulf"
3 Drachengeschichten,"Schröder, Patricia"
Sophie im Land der Zauberponys,"Schröder, Patricia"
Maskottchen,"Kurzem, Mark"
Verwesung,"Beckett, Simon"
Tödlicher Mittsommer - Band 1,"Sten, Viveca"
Die Schatzinsel,Stevensen Louis Robert
Nele - Band 003 - und die Geburtstagsparty,"Luhn, Usch"
Das magische Baumhaus - Band 033 - Geheimauftrag,"Osborne, Mary Pope"
Das magische Baumhaus - Band 036 - Der geheime Flug,"Osborne, Mary Pope"
Das magische Baumhaus - Band 030 - Im Bann des,"Osborne, Mary Pope"
Nils Holgersson,"Lagerlöf, Selma"
Die drei ??? Kids - Band 048 - Tanz der Skelette,"Pfeiffer, Boris"
Die drei ??? Kids - Band 049 - Der singende Geist,"Blanck, Ulf"
Das magische Baumhaus - Band 018 - Rettung in der,"Osborne, Mary Pope"
Glee wie alles begann,Lowell
glee Bühne frei!,Lowell
Die Tribute von Panem - Band 03 - flammender Zorn,"Collins, Suzanne"
"Die fabelhaften Vier, Alles wegen Anton","Dierks, Martina"
Das Buch der seltsamen Wünsche,"Westhoff, Angie"
Die drei !!! - Band 031- Betrug in den Charts,"Steckelmann, Petra"
Die drei ??? - und der schreiende Nebel - Band 162,"Buchna, Hendrik"
Die drei ??? - Band 196 - Geheimnisvolle Botschaften,"Dittert, Christoph"
Lola Schwesterherz,"Abedi, Isabel"
No Jungs ! Wer wird Schönheitskönigin',"Brezina, Thomas"
"Magic Girls, die Macht der Acht","Arold, Marliese"
Wolfenblut,"Toft, Di"
Die drei ??? - Band 161 - Die blutenden Bilder,"Erlhoff, Kari"
MOMO,"Ende, Michael"
ERAGON - Band 004 - Das Erbe der Macht,"Paolini, Christopher"
Anton und das geheimnis im Finsterwald,"Schröder, Patricia"
Hexe Lilli - Band 013 - und der verrückte Ritter,Knister
Die drei ??? Kids - Band 050 - Schatz der Piraten,"Pfeiffer, Boris"
Ronja Räubertochter,"Lindgren, Astrid"
Der kleine Ritter Trenk,"Boie, Kirsten"
Die Flaschengeistprüfung,von Vogel Maja
Schändung - Band 2,"Adler-Olsen, Jussi"
Erbarmen - Band 1,"Adler-Olsen, Jussi"
Erlösung - Band 3,"Adler-Olsen, Jussi"
Aschenputtel,"Ohlsson, Kristina"
Wie man 13 wird und überlebt,"Johnson, Pete"
"Seekers, Die Suche beginnt","Hunter, Erin"
Die Tribute von Panem - Band 02 - gefährliche Liebe,"Collins, Suzanne"
Wir Kinder vom Bahnhof Zoo,"Christiane, F"
Bitte zweimal Wolke 7,"Wilke, Jutta"
Mein Lotta Leben - Band 01 - Alles voller Kaninchen,"Pantermüller, Alice"
Dork Diaries - Band 03 - Nikkis phänomenaler Auftritt,"Russell, Rachel"
Die wilden Hühner - Band 004 - und das Glück der Erde,"Funke, Cornelia"
Das mit mir und Romeo,"Chidolue, Dagmar"
"Magic Girls, der dunkle Verräter","Arold, Marliese"
Die wilden Küken - Band 005 - Auf Schatzsuche,"Schmid, Thomas"
Die drei ??? - und der verschollene Pilot - Band 163,"Nevis, Ben"
Die drei !!! - Falsches Spiel im Internat - Band 030,von Vogel Maja
Die drei !!! - Band 034 - Brandgefährlich,von Vogel Maja
"Ein Fall für die schwarze Pfote, Giftalarm","Weber, Benedikt"
Das magische Baumhaus - Band 028 - Das verzauberte,"Osborne, Mary Pope"
Störenfrieda - Lauter Krachgeschichten,"Frey, Jana"
Die schönsten Märchen von H.C.Andersen,Andersen Hans Christian
Die spannendsten griechischen Sagen,"Inkiow, Dimiter"
3 Rittergeschichten,"Schröder, Patricia"
Die Drei ??? Kids - Band 052 - Mächtige Magier,"Pfeiffer, Boris"
Piratten - Band 02 - Gefangen auf Rattuga,"Michael, Peinkofer"
Der kleine Ritter Trenk und der grosse Gefährliche,"Boie, Kirsten"
Das magische Baumhaus - Band 051 - Lawinenhunde,"Osborne, Mary Pope"
"Laurin, das Schlossgespenst","Obrecht, Bettina"
"No Jungs! Handy, Handy in der Hand...","Brezina, Thomas"
"Sherlock Holmes Academy, Geheimcode Katzenpfote,","Watson, Holly"
Sherlock Holmes Academy,"Watson, Holly"
Night School - Band 001 - Du darfst keinem trauen,"Daugherty, C.J"
Wie viele Level hat dein Leben?,"Färber, Werner"
Verletzt,"Negri, Stella"
Die wilden Küken - Band 006 - Ab ins Abenteuer,"Schmid, Thomas"
Die drei !!! - Band 038 - Stylist in Gefahr,"Sol, Mira"
Die drei ??? - Band 167- und das blaue Biest,"Buchna, Hendrik"
"Rick 1, Wie man seine durchgeknallte Familie überlebt","Szillat, Antje"
Papa auf der Spur,"Stehle, Katrin"
Piratten - Band 01 - Unter schwarzer Flagge,"Peinkofer, Michael"
"Die Klapperschlangen, Eine Bandenchefin sieht grün","Westhoff, Angie"
"codewort 007 , Alarm im Advent","Michaelis, Antonia"
Die Kaminski-Kids - Band 014 - Gefährliches Spiel,"Meier, Carlo"
Die drei !!! - Band 016 - Total verknallt,"Vogel, Maya"
Die Kaminski-Kids - Band 007 - Auf heisser Spur,"Meier, Carlo"
Die Kaminski-Kids - Band 006 - In der Falle,"Meier, Carlo"
Die drei !!! - Band 037 - Mission Pferdeshow,"Wich, Henriette"
Tausendschön,"Ohlsson, Kristina"
Verachtung - Band 4,"Adler-Olsen, Jussi"
"Die Wanderhure, Bd 1","Lorentz, Iny"
Die Kastellanin,"Lorentz, Iny"
"Das Vermächtnis der Wanderhure, Bd 3","Lorentz, Iny"
Die Tochter der Wanderhure,"Lorentz, Iny"
Der Hobbit oder Hin und Zurück,"Tolkien, J.R.R"
"Smaragdgrün, Liebe geht durch den Magen, Band 3","Gier, Kerstin"
"Saphirblau, Liebe geht durch alle Zeiten, Band 2","Gier, Kerstin"
"Rubinrot, Liebe geht durch alle Zeiten, Band 1","Gier, Kerstin"
Töchter der Sünde,"Lorentz, Iny"
Dolphin Rider,"Bennemann, Markus"
Das Alphabet Haus,"Adler-Olsen, Jussi"
Eine zweite Chance,"Alvtegen, Karin"
Tafiti - Band 001 - und die Reise ans Ende der Welt,"Boehme, Julia"
Leo & Lolli - Band 002 - Ein Esel zum Verlieben,"Boehme, Julia"
Nele - Band 005 - geht auf Klassenfahrt,"Luhn, Usch"
Kleiner Hund in grosser Gefahr,"Birck, Bengt"
"Mein Freund, der Orca","Moser, Annette"
Nele - Band 006 - und der indische Prinz,"Luhn, Usch"
Das magische Baumhaus - Band 045 - Die Feder der,"Osborne, Mary Pope"
Störenfrieda und der Rückwärtsflohmarkt,"Frey, Jana"
Störenfrieda auf Hängebauchschweinsafari,"Frey, Jana"
Störenfrieda und der Glitzerclub,"Frey, Jana"
Das magische Baumhaus - Band 012 - Auf den Spuren,"Osborne, Mary Pope"
Zombie-Alarm,"Nevis, Ben"
Der schwarze Joker,"Pfeiffer, Boris"
Der kleine Drache Kokosnuss - Band 019 - reist in die,"Siegner, Ingo"
Michel und Klein-Ida aus Lönneberga,"Lindgren, Astrid"
Das magische Baumhaus - Sammelband - Im Reich der,"Osborne, Mary Pope"
Night School - Band 002 - der den Zweifel sät,"Daugherty, C.J"
"Magic Girls, Der goldene Schlüssel","Arold, Marliese"
Tschick,"Herrndorf, Wolfgang"
Die drei ??? - Band 171- Und das Phantom aus dem,"Sonnleitner, Marco"
Die drei ??? - Strasse des Grauens - Band 170,"Erlhoff, Kari"
Die drei ??? - Band 169 - Die Spur des Spielers,"Marx, André"
"Undercover City, Der Unsichtbare im Wald","Neumayer, Gabi"
Tiger-Team - Band 038 - Die Stunde des Hexenmeisters,"Brezina, Thomas"
Tiger-Team - Band 048 - Der Ruf der Goldeule,"Brezina, Thomas"
Bretonische Verhältnisse,"Bannalec, Jean-Luc"
Tafiti - Band 002 - und das fliegende Pinselohrschwein,"Boehme, Julia"
Ein Fall für Kwiatkowski - Band 022 - Grosse Jagd auf,"Banscherus, Jürgen"
das Buch aus Atlantis,"Brezina, Thomas"
Verschwörung am Höllenstein,"Brezina, Thomas"
Tiger-Team - das verbotene LABOR,"Brezina, Thomas"
Das magische Baumhaus - Band 046 - Pandas in grosser,"Osborne, Mary Pope"
FEUERWEHRGESCHICHTEN,Fischer-Hunold Alexandra
Ein Fall für Kwiatkowski - Band 008 - Duell der Detektive,"Banscherus, Jürgen"
Liliane Susewind - Band 007 - Rückt dem Wolf nicht auf,"Stewner, Tanya"
Sternenschweif - Band 015 - Das Geheimnis der,"Chapman, Linda"
Sternenschweif - Band 027 - Die Zauberquelle,"Chapman, Linda"
Sternenschweif - Band 012 - Mondscheinzauber,"Chapman, Linda"
Sternenschweif - Band 005 - Sternenschweifs Geheimnis,"Chapman, Linda"
Die drei ??? Kids - Das Rätsel der Könige,"Blanck, Ulf"
Die drei ??? Kids - Der Weihnachtsdieb,"Pfeiffer, Boris"
Der kleine Drache Kokosnuss - Band 013 - und das,"Siegner, Ingo"
Delfine,"Obrecht, Bettina"
Laden der Träume - Band 001 - Das Gold der Piraten,"Ahner, Dirk"
Tod im Schärengarten - Band 2,"Sten, Viveca"
Eisiger Dienstag,"French, Nicci"
Die Toten von Sandhamn - Band 3,"Sten, Viveca"
Erwartung - Band 5,"Adler-Olsen, Jussi"
Bretonische Brandung,"Bannalec, Jean-Luc"
Vollendet,"Schusterman, Neal"
Felicity Gallant und das steinerne Herz,"Welsh, Melanie"
Anne Frank das Tagebuch,"Frank, Anne"
Escape - Band 001 - Fall bloss nicht auf,"Bowler, Tim"
"Escape - Band 002 - Flieh, so schnell du kannst","Bowler, Tim"
"Escape - Band 003 - Lauf, so weit du kannst","Bowler, Tim"
Escape - Band 004 - Zeig keine Angst,"Bowler, Tim"
Frostglut,"Estep, Jennifer"
Night School - Band 003 - denn Wahrheit musst du,"Daugherty, C.J"
Die drei !!! - Band 040 - Achtung Spionage,"Wich, Henriette"
"Ich, Lilly und der Rest der Welt","Maxeiner, Alexandra"
Die drei !!! - Band 042 - Geheimnis der alten Villa,"Vogel, Maya"
Piratten; Die Schatzinsel,"Peinkofer, Michael"
"Die Sherlock Holmes Academy, Mission Meisterdetektiv","Watson, Holly"
Die drei !!! - Skandal im Café Lomo! - Band 044,"Wich, Henriette"
Karlotta verzettelt sich,"Singer, Claire"
"Seekers, Feuer im Himmel","Hunter, Erin"
Die Kaminski-Kids - Band 015 - Im Kölner Verlies,"Meier, Carlo"
Der Kuss der Göttin,"Pike, Aprilynne"
Lola in geheimer Mission,"Abedi, Isabel"
Traumsammler,"Hosseini, Khaled"
Die Olchis - werden Fussballmeister,"Dietl, Erhard"
Monster Mia - Band 002 - und das schaurig-schöne,"Saddlewick, A.B"
Das magische Baumhaus - Band 048 - Das Geheimnis,"Osborne, Mary Pope"
Sternenritter - Band 001 - Die Festung im All,"Peinkofer, Michael"
Monster Mia - Band 001 - und das grosse Fürchten,"Saddlewick, A.B"
60 Sekunden - Der schrecken der Tiefsee - Band 01,"Reifenberg, Frank"
Beast Quest - Band 001 - Ferno Herr des Feuers,"Blade, Adam"
Als der Weihnachtsmann vom Himmel fiel,"Funke, Cornelia"
Die wilden Küken - Band 07 - Bühne frei!,"Schmid, Thomas"
Die drei !!! - Band 049 - Skandal auf dem Laufsteg,"Sol, Mira"
Die drei !!! - Band 051 - Krimi Dinner,"Wich, Henriette"
Die Kaminski-Kids - Band 016 - Fahrerflucht,"Meier, Carlo"
Die wilden Küken - Band 004 - Es spukt!,"Schmid, Thomas"
Die wilden Hühner - Band 006 - und das Leben,"Schmid, Thomas"
Der Hof,"Beckett, Simon"
Beim ersten Schärenlicht - Band 5,"Sten, Viveca"
Noah,"Fitzek, Sebastian"
Endlich beliebt ! - Band 005,"Ignatow, Amy"
Endlich beliebt! - Band 004,"Ignatow, Amy"
Endlich beliebt! - Band 001,"Ignatow, Amy"
Dork Diaries - Nikki als graziöse Eisprinzessin,"Russell, Rachel"
Dork Diaries - Band 01- Nikkis fabelhafte Welt,"Russell, Rachel"
Dork diaries - Nikkis glamouröses Partyleben,"Russell, Rachel"
Dork diaries - Nikkis guter Rat in allen Lebenslagen,"Russell, Rachel"
Dork diaries - Band 03 - Mach dich zum Dork,"Russell, Rachel"
Mein Lotta-Leben - Band 05 - Ich glaub meine Kröte,"Pantermüller, Alice"
Mein Lotta-Leben - Band 02 - Wie belämmert ist das,"Pantermüller, Alice"
Mein Lotta-Leben - Band 03 - Hier steckt der Wurm drin!,"Pantermüller, Alice"
Der Clan der Wölfe - Band 001 - Donnerherz,"Lasky, Kathryn"
Der Clan der Wölfe - Band 002 - Schattenkrieger,"Lasky, Kathryn"
"Tom Gates - Band 001 - Wo ich bin ist Chaos, aber ich","Pichon, Liz"
Tom Gates - Band 004 - Ich bin so was von genial,"Pichon, Liz"
Warrior Cats - 4/Band 1 - Der vierte Schüler,"Hunter, Erin"
Chaos und flambierte Herzen,"Ullrich, Hortense"
Gregs Tagebuch - Band 008 - Echt übel,"Kinney, Jeff"
Tafiti - Band 003 - und das Riesenbaby,"Boehme, Julia"
Tiger-Team - Band 038 - Die Stunde des Hexenmeisters,"Brezina, Thomas"
Ponyherz - Band 001 - Anni findet ein Pony,"Luhn, Usch"
Ponyherz - Band 002 - in Gefahr,"Luhn, Usch"
Liliane Susewind - Band 009 - Ein Pinguin will hoch hinaus,"Stewner, Tanya"
Ein Fall für Kwiatkowski - Band 006 - Die afrikanische,"Banscherus, Jürgen"
Ein Fall für Kwiatkowski - Band 017 - Detektive küsst man,"Banscherus, Jürgen"
KATZENGESCHICHTEN,"Jablonski, Marlene"
Fussballhelden,"Brezina, Thomas"
Die drei ??? Kids - Band 058 - Spur der Drachen,"Blanck, Ulf"
Im Tempel des Bösen,"Tielmann, Christian"
5 Sterne für Lola,"Abedi, Isabel"
Die Kaminski-Kids - Band 005 - Auf der Flucht,"Meier, Carlo"
Bibi & Tina - der Tiger von Rothenbrunn,"Gürtler, Stephan"
Finnas Pferde,"Gürtler, Claudia"
60 Sekunden - Band 02 - Das Geheimnis der,"Reifenberg, Frank"
Die Schule der magischen Tiere - Band 004 -,"Auer, Margit"
Trubel auf Burg Drachenstein,"Auer, Margit"
Die Schule der magischen Tiere - Band 001,"Auer, Margit"
Die Schule der magischen Tiere - Band 002 - Voller,"Auer, Margit"
Bretonisches Gold,"Bannalec, Jean-Luc"
Die List der Wanderhure,"Lorentz, Iny"
Mörderische Schärennächte - Band 4,"Sten, Viveca"
Sternenritter - Band 002 - Angriff der Robotroxe,"Peinkofer, Michael"
Die Olchis - auf dem Schulfest,"Dietl, Erhard"
Die drei ??? Kids - Band 061 - Alarm im Dino-Park,"Pfeiffer, Boris"
Nanuk - Ein kleiner Eisbär findet Freunde,"Schröder, Patricia"
Ein Fall für die Kichererbsen,"Reider, Katja"
Tafiti - Band 004 - und Ur-ur-ururopas Goldschatz,"Boehme, Julia"
Der kleine Drache Kokosnuss - Band 022 - und die Reise,
Laden der Träume - Band 004 - Der Wikinger-Wettstreit,"Ahner, Dirk"
Nele - Band 012 - Film ab auf Burg Kuckuckstein,"Luhn, Usch"
Samba Kicker - Aufruhr im Stadion,"Lenk, Fabian"
Das magische Baumhaus - Band 038 - Das verborgene,"Osborne, Mary Pope"
Die drei ??? Kids - Band 039 - Der verrückte Erfinder,"Blanck, Ulf"
Die drei ??? Kids - Band 024 - Im Bann des Zauberers,"Blanck, Ulf"
Die drei ??? Kids - Band 036 - Mission Mars,"Pfeiffer, Boris"
Sternenritter - Band 003 - Der Planet aus Eis,"Peinkofer, Michael"
Nur ein Kuss von dir,"Ransom, S.C"
Die Liebe der Göttin,"Pike, Aprilynne"
Nur ein Blick von dir,"Ransom, S.C"
Tom Gates - Band 006 - Jetzt gibt's was auf die Mütze,"Pichon, Liz"
"Armouron, Die erste Mission der Space Warriors","Mc Gann, O.B."
"Ferien, Flirten & Flamingos","Till, Jochen"
"Cool bleiben, Hugo","Zett, Sabine"
"Komm, lass uns ein Ding drehen!","Kaster, Armin"
Nur ein Hauch von dir,"Ransom, S.C"
Die Lebenden und die Toten,"Neuhaus, Nele"
Warum haben wir Tomaten auf den Augen?,"Dreller, Christian"
Sternenschweif - Band 039 - Funkelnder Wasserzauber,"Chapman, Linda"
Sternenschweif - Band 012 - Ein neuer Freund,"Chapman, Linda"
Sternenschweif - Band 023 - Liebeszauber,"Chapman, Linda"
Die drei !!! - Filmstar in Gefahr - Band 046,"Wich, Henriette"
Die drei !!! - Tatort Geisterhaus - Band 045,"Wich, Henriette"
OBSIDIAN,"Armentrout, Jennifer L."
Tiger-Team - Band 040 - Geheimtreff Schule -,
"Beast Quest - Band 002 - Sepron, Königer der Meere","Blade, Adam"
Beast Quest - Band 003 - Arcta Bezwinger der Berge,"Blade, Adam"
"Beast Quest - Band 004 - Tagus, Prinz der Steppe","Blade, Adam"
Beast Quest - Band 006 - Eposs Gebieter der Lüfte,"Blade, Adam"
Beast Quest - Band 005 - Nanook Herrscherin der,"Blade, Adam"
Schwarzer Mittwoch,"French, Nicci"
Die sieben Schwestern,"Riley, Lucinda"
Dunkler Donnerstag,"French, Nicci"
Passagier 23,"Fitzek, Sebastian"
Blauer Montag,"French, Nicci"
Doppelbindung - Ein Alpstein-Krimi - Band 1,"Burk, Walter"
Doppelrolle - Ein Alpstein-Krimi - Band 2,"Burk, Walter"
Der kleine Drache Kokosnuss - Band 023 - Expedition auf,"Siegner, Ingo"
Sternenschweif - Band 044 - Zauber der Mondblumen,
Die drei ??? Kids - Band 063 - Monster-Wolken,"Pfeiffer, Boris"
Die drei ??? Kids - Band 062 - Gefahr im Dschungel,"Blanck, Ulf"
Agent Andy Action - Der Fall Blaue Hornisse,THiLO
Zwei Meerschweinchen im Klassenzimmer,"Allert, Judith"
Ein Fall für Kwiatkowski - Band 021 - Schnüfflerpech und,"Banscherus, Jürgen"
Das magische Baumhaus - Band 049 - Abenteuer im Tal,"Osborne, Mary Pope"
Pilotengeschichten,Fischer-Hunold Alexandra
Notruf aus dem Roboland,Zapf
Beast Quest - Band 008 - Clark Riese des Dschungels,"Blade, Adam"
Beast Quest - Band 007 - Zefa Gigant des Ozeans,"Blade, Adam"
Die Olchis - und der karierte Tigerhai,"Dietl, Erhard"
Hexe Lilli - Band 018 - im Wunderland,Knister
Piratten - Band 03 - Das Geheimnis der Schatzkarte,"Peinkofer, Michael"
Piratten - Band 04 - Der Schrecken der Sümpfe,"Peinkofer, Michael"
Die drei !!! - Band 048 - Die Maske der Königin,"Sol, Mira"
Die drei !!! - Band 054 - Klappe und Action!,"Sol, Mira"
Die drei !!! - Hochzeitsfieber - Band 053,"Wich, Henriette"
Selection,
"Selection, Der Erwählte","Cass, Kiera"
"Selection, Die Elite","Cass, Kiera"
Total Absturz,"Dölling, Beate"
Ein Fall für die Pony-Kommissare,"Rapley, B"
Die drei ??? - Der Geist des Goldgräbers - Band 177,"Marx, André"
Alicia - Band 003 - Liebe gut alles gut!!!,"Einwohlt, Ilona"
Heldentage,"Raml, Sabine"
Die Nordseedetektive - Band 001 - Das geheimnisvolle,"Göschle, Bettina"
Finde den Täter - Tatort Krähenstein,"Press, Julian"
Ronan Strongheart,"Roy, Carter"
Rückwärts ist kein Weg,"Frey, Jana"
Die Neuen passen hier nicht rein!,"Kaster, Armin"
Beast Quest - Band 010 - Vipero Fürst der Schlangen,"Blade, Adam"
Beast Quest - Band 009 - Soltra Beschwörerin der Steine,"Blade, Adam"
Beast Quest - Band 012 - Trillion Tyrann der Wildnis,"Blade, Adam"
Beast Quest - Band 011 - Arachnid - Meister der Spinnen,"Blade, Adam"
Bretonischer Stolz,"Bannalec, Jean-Luc"
Warrior Cats - 1/Band 3 - Geheimnis des Waldes,"Hunter, Erin"
Warrior Cats - 1/Band 2 - Feuer und Eis,"Hunter, Erin"
Die schönsten Märchen der Gebrüder Grimm,"Grimm, Gebrüder"
Die drei ??? Kids - Band 042 - Fussballgötter,"Pfeiffer, Boris"
Tod in stiller Nacht - Band 6,"Sten, Viveca"
Das Dornenkind - Band 5,"Bentow, Max"
Takeover,"Adler-Olsen, Jussi"
Mörderischer Freitag,"French, Nicci"
Monster Mia - Band 005 - und das Biest von Oddington,"Saddlewick, A.B"
Monster Mia - Band 004 - und die schräge Schulkontolle,"Saddlewick, A.B"
Sternenritter - Band 004 - Verrat auf dem Feuerstern,"Peinkofer, Michael"
Beast Quest - Band 018 - Sting Wächter der Festung,"Blade, Adam"
Beast Quest - Band 016 - Karmon Höllenhund des,"Blade, Adam"
Beast Quest - Band 015 - Narga Monster der Meere,"Blade, Adam"
Beast Quest - Band 017 - Tusko Herrscher der Wälder,"Blade, Adam"
Funklerwald,"Taschinski, Stefanie"
Snöfrid aus dem Wiesental,Schmachtl Andreas H.
Monster Mia - Band 008 - und der verflixte Flaschengeist,"Saddlewick, A.B"
Monster Mia - Band 003 - und die ungeheuerliche,"Saddlewick, A.B"
Monster Mia - Band 006 - und der teuflische,"Saddlewick, A.B"
Monster Mia - Band 007 - und das geheimnisvolle,"Saddlewick, A.B"
Beast Quest - Band 014 - Skoro Dämon der Wolken,"Blade, Adam"
Liliane Susewind - Ein kleiner Esel kommt gross raus,"Stewner, Tanya"
Die drei ??? Kids - Band 064 - In der Schatzhöhle,"Pfeiffer, Boris"
Sternenschweif - Band 046 - Das magische Wasser,"Chapman, Linda"
Tafiti - Band 006 - und die Affenbande,"Boehme, Julia"
Das magische Baumhaus - Band 050 - Das beste,"Osborne, Mary Pope"
Die frechen Vier - Mit Sack und Pack ins Abenteuer,"Luhn, Usch"
Liliane Susewind - Band 002 - Ein Meerschwein ist nicht,"Stewner, Tanya"
Ritter Kuno Kettenstrumpf,"Pötzsch, Oliver"
Nele - Band 013 - und die Hundeschule,"Luhn, Usch"
Ponygeschichten,"Reider, Katja"
"Ein Fall für Kwiatkowski - Band 010 - Donner, Blitz und","Banscherus, Jürgen"
Mein Freund aus dem Roboland,Zapf
Extrem TV,"Zimmerer, Vitor"
KLAR; Der Cybermobbingalbtraum,"Weber, Annette"
Onyx Schattenschimmer Band 2,"Armentrout, Jennifer L."
Opal; Schattenglanz,"Armentrout, Jennifer L."
Alea Aquarius - Band 01 - Der Ruf des Wassers,"Stewner, Tanya"
Das erste Mal wird’s heut passieren,"Weber, Annette"
Und plötzlich bist du jemand Anders,"Tielmann, Christian"
Die drei !!! - Geheimnis im Düstermoor - Band 056,"Vogel, Maya"
Die drei !!! - Tatort Kreuzfahrt - Band 057,"Wich, Henriette"
Finde den Täter - Der Fluch der schwarzen Schützen,"Press, Julian"
Finde den Täter - Geheimbund Rote Koralle,"Press, Julian"
Gregs Tagebuch - Band 006 - Keine Panik,"Kinney, Jeff"
"Luisa, Schule ist toll, besonders in den Ferien!","Nilsson, Janne"
Die drei ??? - Band 156 - Im Netz des Drachen,"Sonnleitner, Marco"
"Die sagenhafte Saubande, Kommando Känguru","Weger, Nina"
Mein Lotta-Leben - Band 08 - Kein Drama ohne Lama,"Pantermüller, Alice"
Familienausflug Nein Danke,"Zett, Sabine"
Die Nordseedetektive - Band 002 - Das Gespensterhotel,"Göschl, Bettina"
PAX - Der Höllenhund,"Larsson, Asa"
PAX - Der Fluch,"Larsson, Asa"
Gregs Tagebuch - Band 009 - Böse Falle,"Kinney, Jeff"
Alfie Bloom - Band 01 - Das Geheimnis der Drachenburg,"Kent, Gabrielle"
Die drei ??? Kids - Band 067 - Der goldene Drache,"Pfeiffer, Boris"
Luca wird der Klassenheld,"Schröder, Patricia"
Sternenschweif - Band 048 - Geheimnis der Mondsteine,"Chapman, Linda"
Der kleine Drache Kokosnuss - und das Vampir-,"Siegner, Ingo"
Der kleine Drache Kokosnuss - Band 016 - bei den,"Siegner, Ingo"
Ponyherz - Band 007 - Ein Wildpferd auf dem Pausenhof,"Luhn, Usch"
Tino und die Zeitmaschine,Fischer-Hunold Alexandra
Globi - Band 013 - erlebt Paris,"Bruggmann, Alfred"
Globi - Band 070 - Globis Zoo,"Heinzer, Peter"
FUSSBALLGESCHICHTEN,"Hanauer, Michaela"
Robin Hood,"Westhoff, Angie"
"Ein Fall für Kwiatkowski - Band 009 - Hunde, Hüte und","Banscherus, Jürgen"
Sternenritter - Band 005 - Das Monster aus Metall,"Peinkofer, Michael"
Monster Mia - Band 009 - und die gefrässigen Schoko-,"Saddlewick, A.B"
Beast Quest - Band 020 - Ecor Hufe der Zerstörung,"Blade, Adam"
Beast Quest - Band 021 - Tarax Klauen der Finsternis,"Blade, Adam"
Beast Quest - Band 024 - Pantrax Pranken der Hölle,"Blade, Adam"
Beast Quest - Band 023 - Drako Atem des Zorn,"Blade, Adam"
Beast Quest - Band 019 - Necro Tentakel des Grauens,"Blade, Adam"
Weil ich so bin,"Fehér, Christine"
Ich weiss alles über dich,"Feibel, Thomas"
Jetzt trägt sie auch noch Kopftuch,"Schmoe, Friederike"
Geheimnisse vom Mädchenklo,"Cooper, Rose"
Dork Diaries - Nikkis schlillernde Filmkarriere,"Russell, Rachel"
Die Glücksbäckerei - Band 003 - Die magische,"Littlewood, Kathryn"
Die Glücksbäckerei - Band 002 - Die magische Prüfung,"Littlewood, Kathryn"
Die drei !!! - Band 060 - Liebes Chaos,"Vogel, Maya"
Die drei !!! - Band 059 - Das geheime Parfum,"Sol, Mira"
Die drei !!! - Band 055 - Wildpferd in Gefahr,"Sol, Mira"
PAX - Das Geisterkind,"Larsson, Asa"
Mein Lotta-Leben - Band 09 - Das reinste Katzentheater,"Pantermüller, Alice"
Die Glücksbäckerei - Band 004 - Die magische,"Littlewood, Kathryn"
Origin - Schattenfunke,"Armentrout, Jennifer L."
Die Sturmschwester,"Riley, Lucinda"
Papierjunge,"Ohlsson, Kristina"
Das Joshua Profil,"Fitzek, Sebastian"
Tödliche Nachbarschaft,"Sten, Viveca"
Erbe und Schicksal,"Archer, Jeffrey"
Wer Wind sät,"Neuhaus, Nele"
Wenn du mich siehst,"Sparks, Nicholas"
Nacht im Central Park,"Musso, Guillaume"
Tiefe Wunden,"Neuhaus, Nele"
Alea Aquarius - Band 02 - Die Farben des Meeres,"Stewner, Tanya"
Endgame - Die Auserwählten,"Frey, James"
Die drei ??? - und der letzte Song - Band 183,"Nevis, Ben"
Die drei !!! - Band 058 - Gorilla in Not,Heger Ann-Katrin
Heartbeats - Meine Zeit mit dir,"Coriell, Shelley"
Spirit Animals - Der Feind erwacht,"Mull, Brandon"
French Summer,"Smet De , Marian"
Cornwall College - Band 001 - Was verbirgt Cara,"Harper, Annika"
Gryphony - Im Bann des Greifen,"Peinkofer, Michael"
"Tom Gates - Band 008 - Bitte nicht stören, ein Genie bei","Pichon, Liz"
Dork Diaries - Mein dorkaliziöses Tagebuch,"Russell, Rachel"
Endgame - die Hoffnung,"Frey, James"
Anima - schwarze Seele weisses Herz,"Kestner, Kim"
Die Glücksbäckerei - Band 001 - Das magische,"Littlewood, Kathryn"
Selection,"Cass, Kiera"
Bretonische Flut,"Bannalec, Jean-Luc"
Vierundzwanzig Stunden,"Musso, Guillaume"
Die Entscheidung,"Link, Charlotte"
Der Traummacher - Band 6,"Bentow, Max"
Das grosse Rennen um den Pokal,THiLO
Das magische Baumhaus junior - Band 008 - Die,"Osborne, Mary Pope"
Das magische Baumhaus junior - Band 006 - Verborgen,"Osborne, Mary Pope"
Liliane Susewind - Band 005 - Extra-Punkte für den,"Stewner, Tanya"
Die Piratenschiffgäng - Der fiese Admiral Hammerhäd,"Kränzle, Peter"
Der magische Blumenladen - Band 004 - Die Reise zu,"Mayer, Gina"
Petronella Apfelmus - Verhext und festgeklebt,"Städing, Sabine"
Die drei ??? Kids - Band 068 - Chaos im Dunkeln,"Blanck, Ulf"
Abenteuer am stürmischen See,"Mai, Manfred"
Ein Nilpferd in der Badewanne,"Hula, Saskia"
"Der fabelhafte Regenschirm, Die verrückte Stadt","Storm, Sarah"
Die drei ??? Kids - Band 069 - die Rätselfalle,
Nele - Band 016 - und die Glücksschokolade,"Luhn, Usch"
"Fussballhaie, Duell im Fussballcamp","Schlüter, Andreas"
Fünf Freunde - Band 058 - und die falsche Prinzessin,"Blyton, Enid"
Kakerlakenkekse und Teerbonbons!,Zapf Jochen Till
Penny Pepper - Band 001 - alles kein Problem,"Rylance, Ulrike"
Der magische Blumenladen - Band 001 - Ein Geheimnis,"Mayer, Gina"
Der magische Blumenladen - Band 003 - Zaubern ist,"Mayer, Gina"
Der magische Blumenladen - Band 002 - Ein total,"Mayer, Gina"
Penny Pepper - Band 002 - Alarm auf der Achterbahn,"Rylance, Ulrike"
Gregs Tagebuch - Band 009 - Böse Falle!,"Kinney, Jeff"
Der kleine Drache Kokosnuss - Band 017 - im Weltraum,"Siegner, Ingo"
Die Vulkanos pupsen los!,"Gehm, Franziska"
Alfie Bloom - Band 002 - Jagd nach dem magischen,"Kent, Gabrielle"
Penny Pepper - Band 003 - Chaos in der Schule,"Rylance, Ulrike"
"Das kleine Muffelmonster, Viel Wirbel im Klassenzimmer","Boehme, Julia"
DAS GESPENST AUF DEM DACHBODEN,"Königsberg, Katja"
Geschichten aus der Autowerkstatt,THiLO
Spirit Animals - Band 003 - Das Böse erhebt sich,"Mull, Brandon"
"Ich & die Fussball Gang, Alles Vollpfosten","Szillat, Antje"
Jake - absolut genial,"Marcionette, Jake"
"Die Vampirschwestern, Finale Randale","Gehm, Franziska"
Die Glücksbäckerei - Band 005 - Die Magische Rettung,"Littlewood, Kathryn"
"Zimt & weg, Die vertauschten Welten der Victoria King","Bach, Dagmar"
Gregs Tagebuch - Band 001 - Von Idioten umzingelt,"Kinney, Jeff"
Selection - Die Krone,"Cass, Kiera"
Flucht aus der Unterwelt,"Schlenz, Kester"
Die drei !!! - Band 061 - Der Fall der Dornröschen,"Erlhoff, Kari"
Spirit Animals - Band 005 - Die Maske fällt,Sutherland Tui T.
Spirit Animals - Band 004 - Das Eis bricht,Sutherland Tui T.
Spirit Animals - Band 002 - Die Jagd beginnt,"Stiefvater, Maggie"
"Eulenzauber, ein goldenes Geheimnis","Brandt, Ina"
Gregs Tagebuch - Band 002 - Gibt’s Probleme,"Kinney, Jeff"
Über den Dächern wir zwei,"Kirchner, Angela"
"Pippas Tagebuch, eine Freundin muss her","Kelsey, Annie"
"Morlot, Detektive schalfen nie","Reschke, Katharina"
"Flora Flitzebesen, Aufruhr der wilden Wetterhexen","Livanios, Eleni"
Woodwalkers - Band 01 - Carags Verwandlung,"Brandis, Katja"
Totenfang,"Beckett, Simon"
Gregs Tagebuch - Band 011 - Alles Käse,"Kinney, Jeff"
Die Schattenschwester,"Riley, Lucinda"
Die aussergewöhnlichen Fälle des Sherlock Holmes,Doyle Sir Arthur Conan
Die Töchter der Tuchvilla - Band 2,"Jacobs, Anne"
Das Erbe der Tuchvilla - Band 3,"Jacobs, Anne"
Mörderisches Ufer,"Sten, Viveca"
Anonym,"Poznanski, Ursula"
Seit du bei mir bist,"Sparks, Nicholas"
Korrosion,"Beck, Peter"
Das Paket,"Fitzek, Sebastian"
Das Lied der Störche - Band 1,"Renk, Ulrike"
Im Wald,"Neuhaus, Nele"
Im Schatten unserer Wünsche,"Archer, Jeffrey"
AchtNacht,"Fitzek, Sebastian"
Medici - die Macht des Geldes,"Strukul, Matteo"
Der Fänger,"Franz, Andreas"
Selfies,"Adler-Olsen, Jussi"
Die drei !!! - Band 064 - Der Graffiti-Code,"Vogel, Kirsten"
Nightmares - Band 003 - Die Stunde der Ungeheuer,"Segel, Jason"
"Bitte nicht öffnen, Bissig!","Habersack, Charlotte"
Aufbruch ins All,"Pfeiffer, Boris"
Spione der Unterwelt,"Spexx, T."
Die drei !!! - Band 065 - Heuler in Not,"von Vogel, Maja"
Prinzessin Anneli - Band 003 - Funkelfest am,"Luchs, Annalena"
Ponyhof Apfelblüte - Band 001 - Lena und Samson,"Young, Pippa"
Sommernachtsfunkeln,"Gurian, Beatrix"
Finde den Täter - Operation Goldenes Zepter,"Press, Julian"
Harry Potter - Band 04 - und der Feuerkelch,"Rowling, J. K."
Harry Potter - Band 01 - und der Stein der Weisen,"Rowling, J. K."
Harry Potter - Band 05 - und der Orden des Phönix,"Rowling, J. K."
Harry Potter - Band 07 - und die Heiligtümer des Todes,"Rowling, J. K."
Das Reich der sieben Höfe - Band 1 - Dornen und Rosen,"Maas, Sarah J."
Phantastische Tierwesen und wo sie zu finden sind,"Scamander, Newt"
Sunrise Africa - Band 002 - Die Nacht der Jäger,Ross Christopher
Sunrise Africa - Band 001 - Die weisse Löwin der,"Ross, Christopher"
Henriette und der Traumdieb,"El-Bahay, Akram"
Zimt und zurück,"Bach, Dagmar"
Cornwall College - Band 002 - Wem kann Cara trauen?,"Harper, Annika"
Ich werde YouTube-Star!,"Buschendorff, Florian"
In einem fremden Wald,"Dörrie, Doris"
Das letzte Level,"Bradford, Chris"
Dark noise,"Ruile, Margit"
Morgen lieb ich dich für immer,"Armentrout, Jennifer L."
Tom Gates - Band 011 - Der helle Wahnsinn! (Leuchtet,"Pichon, Liz"
If only,"Pine, A. J."
Mord ist nichts für junge Damen,"Stevens, Robin"
Die drei ??? - Im Bann des Drachen - Band 192,"Dittert, Christoph"
Die drei ??? - Band 193 - Schrecken aus der Tiefe,"Sonnleitner, Marco"
Liliane Susewind - Band 010 - Eine Eule steckt den Kopf,"Stewner, Tanya"
Conni und die Katzenliebe,"Boehme, Julia"
Leo & Lolli - Band 003 - Ein Esel geht zur Schule,"Boehme, Julia"
Tiger-Team - Band 002 - In den Händen der Grabräuber,"Brezina, Thomas C."
Gustav Gorky rettet die Erdlinge,"Dietl, Erhard"
Molli Minipony - Band 001 - Grosses Glück auf kleinen,"Schütze, Andrea"
Pauli Poltergeist - Band 003 - jetzt schlägt’s dreizehn!,
Liliane Susewind - Band 011 - Ein Eisbär kriegt keine,"Stewner, Tanya"
Das Geheimnis der Pferdeflüsterin,"Wich, Henriette"
Liliane Susewind - Band 006 - Schwarze Kater bringen,"Stewner, Tanya"
Star Wars - Finns Auftrag,"Fentiman, David"
Star Wars - Die Geschichte von Darth Vader,"Saunders, Catherine"
Das magische Baumhaus junior - Band 009 - Das,"Osborne, Mary Pope"
Spirit Animals - Band 006 - Die Stunde schlägt,"Schrefer, Eliot"
Die Vampirschwestern – das Buch zum Film,"Fendrich, Nadja"
Die Kaminski-Kids - Band 004 - Unter Verdacht,"Meier, Carlo"
Alea Aquarius - Das Geheimnis der Ozeane - Band 03,"Stewner, Tanya"
Bibi & Tina - Die rätselhafte Schatzsuche,"Schwartz, Theo"
Beast Quest - Band 026 - Voltor der Himmelsrächer,"Blade, Adam"
Beast Quest - Band 027 - Rokk die Felsenfaust,"Blade, Adam"
Beast Quest - Band 025 - Rapu der Giftkämpfer,"Blade, Adam"
Beast Quest - Band 028 - Kryos der Eiskrieger,"Blade, Adam"
Fünf Freunde - erforschen die Schatzinsel - Band 001,"Blyton, Enid"
Böser Samstag,French Nicci
Bretonisches Leuchten,"Bannalec, Jean-Luc"
Schwert und Krone - Meister der Täuschung,"Ebert, Sabine"
Die drei ??? - Band 136 - und das versunkene Dorf,"Marx, André"
Alaska wilderness - Entscheidung am Wonder Lake -,"Ross, Christopher"
Alaska wilderness - Die Wölfe vom Rock Creek - Band 02,"Ross, Christopher"
Alaska wilderness - Verschollen am Mount McKinley -,"Ross, Christopher"
Warrior Cats - Vor dem Sturm - 1/Band 4,"Hunter, Erin"
Warrior Cats - Gefährliche Spuren - 1/Band 5,"Hunter, Erin"
Das magische Baumhaus - Band 47 - Im Bann des,"Osborne, Mary Pope"
Gefühlschaos beim Chatten,"THiLO,"
Tom Gates - Volltreffer (daneben!) - Band 010,"Pichon, Liz"
Mein Lotta-Leben - Band 12 - eine Natter macht die,"Pantermüller, Alice"
Mein Lotta-Leben - Band 10 - der Schuh des Känguru,"Pantermüller, Alice"
Lola auf Hochzeitsreise,"Abedi, Isabel"
Die drei !!! - Nacht der Wölfe - Band 069,"Vogel, Maja von"
Ponyhof Apfelblüte - Paulina und Lancelot - Band 02,"Young, Pippa"
"Liliane Susewind, ein kleiner Hund mit grossem Herz",
Nele - und der Neue in der Klasse - Band 009,"Luhn, Usch"
Liliane Susewind - Giraffen sieht man nicht - Band 001,
Böse Seelen,"Castillo, Linda"
Kräuter der Provinz,"Durst-Benning, Petra"
Durst,"Nesbø, Jo"
Beast Quest - Band 030 - Toxodera die Raubschrecke,"Blade, Adam"
Beast Quest - Band 029 - Paragor der Teufelswurm,"Blade, Adam"
Beast Quest - Band 028 - Kryos der Eiskrieger,"Blade, Adam"
Die drei ??? - im Reich der Ungeheuer - Band 195,"Buchna, Hendrik"
Die drei ??? - Geheimnis des Bauchredners - Band 196,"Marx, André"
Nele - hat Herzklopfen - Band 017,"Luhn, Usch"
Das Pony-Café - Schokotörtchen zum Frühstück - Band,"Allert, Judith"
Die Olchis - und das Schrumpfpulver,"Dietl, Erhard"
Ein Tag auf der Baustelle,"THiLO,"
Finde den Täter - Der Dieb im Saurierpark,"Press, Julian"
SCHULKLASSENGESCHICHTEN,"Reider, Katja"
Das magische Baumhaus junior - Im Reich der Löwen -,"Osborne, Mary Pope"
DREI FREUNDE RETTEN DIE PFERDERANGE,"Bergmann, Emma"
Das Reich der sieben Höfe - Flammen und Finsternis -,"Maas, Sarah J."
"Frohe Weihnachten, liebes Christkind!","Heuck, Sigrid"
Die drei !!! - Tatort Geisterbahn - Band 067,"Sol, Mira"
Diary of a wimpy kid - Band 11 - Double down,Kinney Jeff
Cornwall College - Band 002 - Wem kann Cara trauen?,"Harper, Annika"
Das magische Baumhaus - Band 051 - Der König der,"Osborne, Mary Pope"
Das magische Baumhaus - Band 052 - Wettlauf der,"Osborne, Mary Pope"
"Mucker und Rosine, die Rache des ollen Fuchses","Andres, Kristina"
Leonie Looping - Band 002 - Das Abenteuer am,"Stronk, Cally"
Die drei ??? Kids - Band 072 - Die Laser-Falle,"PFEIFFER, BORIS"
Bibi & Tina - Der Abschied,"Schwartz, Theo"
Flaffy Flitzekeks,"Schröder, Patricia"
Die Monsterranzen-Bande,"Breitenöder, Julia"
Jakob will Ritter werden,"McLay, John"
Neue Erstlesegeschichten für Jungs 1. Klasse,"Ondracek, Claudia"
Molli Minipony - Band 002 - Eine Schultüte voller,"Schütze, Andrea"
Die Freunde im Zauberwald - der gestohlene,"Boge-Erli, Nortrud"
Und plötzlich schreibt das Meer zurück,"Shearer, Alex"
"Club der Heldinnen, Hochverrat im Internat","Weger, Nina"
Die Olchis - das Stinkersocken-Festessen,"Dietl, Erhard"
The Dragon with a Chocolate Heart,Burgis Stephanie
Alaska wilderness - Allein am Stony Creek - Band 03,"Ross, Christopher"
Alfie Bloom - Duell am Dämonenfelsen - Band 03,"Kent, Gabrielle"
Alaska wilderness - Band 05 - Die Geister vom Rainy Pass,"Ross, Christopher"
Alaska wilderness - Schutzlos am Red Mountain - Band,"Ross, Christopher"
Star Wars - Die Geschichte der Sith,
Star Wars - Mutige Helden,"Last, Shari"
Zwischen dir und mir die Sterne,"Woods, Darcy"
Die Attentäter,"Michaelis, Antonia"
immer dem Nager nach,"Pantermüller, Alice"
Die Perlenschwester,"Riley, Lucinda"
Gregs Tagebuch - Band 012 - und tschüss,"Kinney, Jeff"
Der fremde Gast,"Link, Charlotte"
Der Beobachter,"Link, Charlotte"
Blutroter Sonntag,"French, Nicci"
Totenstille im Watt,"Wolf, Klaus-Peter"
Mein Herz in zwei Welten,"Moyes, Jojo"
Mein Lotta-Leben - Band 04 - daher weht der Hase!,"Pantermüller, Alice"
Ostfriesen - Fluch,"Wolf, Klaus-Peter"
Der Reisende,"Indriason, Arnaldur"
Die Bücherschmuggler von Timbuktu,"English, Charlie"
Invisible,"Poznanski, Ursula"
Der Zopf,"Colombani, Laetitia"
Totenweg Bd 1,"Fölck, Romy"
Die Stunde der Schuld,"Roberts, Nora"
Dream Frei und ungezähmt,"Lark, Sarah"
viel krasser als jedes Game!,"Kaster, Armin"
Aus Syrien geflüchtet,"Arsalan, Seif"
Alex Rider - Band 02 - Gemini-Project,"Horowitz, Anthony"
Alex Rider - Band 03 - Skeleton key,"Horowitz, Anthony"
Frostkuss,"Estep, Jennifer"
Das Reich der sieben Höfe - Band 3 - Sterne und,"Maas, Sarah J."
Kill you!,"Höra, Daniel"
Der Wanderwolf,"Ross, Christopher"
Woodwalkers - Band 2 - gefährliche Freundschaft,"Brandis, Katja"
One of us is lying,"McManus, Karen M."
Jim Knopf und Lukas der Lokomotivführer,"Ende, Michael"
Die Olchis - und der schwarze Pirat,"Dietl, Erhard"
Die Olchis - und der Geist der blauen Berge,"Dietl, Erhard"
Der Räuber Hotzenplotz,"Preussler, Otfried"
Laden der Träume - Band 005 - im Bann der Maya,"Ahner, Dirk"
PAX - Der Hexendämon,"Larsson, Åsa"
Leo & Lolli - Band 001 - Ein Pony braucht Freunde,"Boehme, Julia"
Alex Rider - Stormbreaker - Band 1,"Horowitz, Anthony"
Star Wars - rogue one,
Die Schule der magischen Tiere - Band 003 - Licht aus!,"Auer, Margit"
SCHULKLASSENGESCHICHTEN,"Reider, Katja"
Das magische Baumhaus - Band 053 - Das Tor zur,"Osborne, Mary Pope"
Beast Quest - Band 050 - Minos Hörner der Vernichtung,"Blade, Adam"
Ein Tag in der Autowerkstatt,"Wieker, Katharina"
Das magische Baumhaus junior - Band 014 - Gefahr im,"Osborne, Mary Pope"
Die Piratenschiffgäng - Band 001 - Der fiese Admiral,"Kramer, Irmgard"
Die drei ??? Kids - Sonderband - Das Witzebuch zum,"Brinkmann, Markus"
Die drei ??? Kids - Band 075 - Der Fussball-Roboter,"Blanck, Ulf"
Das Pony-Café - Band 003 - Ein Schnabel voll Glück,"Allert, Judith"
Sternenritter - Band 007 - Tentakel des Schreckens,"Peinkofer, Michael"
Beast Quest - Band 049 - Ursus Pranken des Schreckens,"Blade, Adam"
Die drei ??? Kids - Band 074 - Das Schienen-Monster,"Pfeiffer, Boris"
Das magische Baumhaus junior - Band 001 - Abenteuer,"Osborne, Mary Pope"
Sternenritter - Band 006 - Die Weltraumfalle,"Peinkofer, Michael"
Ponyhof Apfelblüte - Band 011 - Lenas mutige,"Young, Pippa"
"Dolphin Dreams, Ein Freund für immer","Hapka, Cathy"
Feuerwerk mit Todesfolge,"Stevens, Robin"
Lauter klare Fälle?!,"Obrist, Jürg"
Die drei !!! - Kuss der Meerjungfrau - Band 072,"Sol, Mira"
Penny Pepper - Band 005 - Spione am Strand,"Rylance, Ulrike"
Spirit Animals - Band 008 - Das Dunkle kehrt zurück,"Schrefer, Eliot"
Mein Lotta-Leben - Band 13 - wenn die Frösche zweimal,"Pantermüller, Alice"
Die Duftapotheke - Ein Geheimnis liegt in der Luft,"Ruhe, Anna"
Die drei ??? - Band 197 - Im Auge des Sturms,"Erlhoff, Kari"
Ich bin dann mal Prinzessin,"Cabot, Meg"
Wilde Horde - Band 018 - Die Pferde im Wald,"Tempel, Katrin"
Die drei !!! - Gefahr in den Ruinen - Band 071,"von Vogel, Maja"
"Dark Land, Im Reich der Schatten","Lenk, Fabian"
Ostfriesen - Killer,"Wolf, Klaus-Peter"
Ostfriesen - Moor,"Wolf, Klaus-Peter"
Schattenkinder - Band 01,Haddix Margaret Peterson
Schattenkinder - Band 003 - Die Betrogenen,"Haddix, Margaret Peterson"
Schattenkinder - Band 002 - Unter Verrätern,"Haddix, Margaret Peterson"
Sommerhaus mit Meerblick,"Swan, Karen"
Orcasommer,"Giebken, Sabine"
Trust in love,"Alderson, Sarah"
"Prinzessin undercover, Geheimnisse","Glynn, Connie"
Fire & Frost - Band 01- Vom Eis berührt,"Blake, Elly"
Warrior Cats - 1/Band 1 - In die Wildnis,"Hunter, Erin"
Warrior Cats - 1/Band 6 - Stunde der Finsternis,"Hunter, Erin"
Ocean City - Band 001 - Jede Sekunde zählt,"Acron, R. T."
Tom Gates - Band 013 - Mega-Abenteuer (oder so),"Pichon, Liz"
Mein Lotta-Leben - Band 14 - da lachen ja die Hunde,"Pantermüller, Alice"
Mein Lotta-Leben - Band 06 - den Letzten knutschen die,"Pantermüller, Alice"
Lilly mischt die Schule auf,"Blyton, Enid"
Pferdeflüsterer Academy - Band 01 - Reise nach,"Mayer, Gina"
Der Weltenexpress,Sturm Anca
Alea Aquarius - Band 04 - Die Macht der Gezeiten,"Stewner, Tanya"
"Wild und wunderbar, zwei Freundinnen gegen den Rest","Einwohlt, Ilona"
Die Kaminski-Kids - Band 011 - Raub in der Nacht,"Meier, Carlo"
Die Kaminski-Kids - Band 003 - Hart auf hart,"Meier, Carlo"
TKKG Junior - Band 001 - Auf frischer Tat ertappt,"Vogel, Kirsten"
Tafiti - Der Löwe mit dem Wackelzahn,"Boehme, Julia"
Das grosse Leseraben-Buch - Tiergeschichten,"Voigt, Silke"
Das grosse Leseraben-Buch - Mädchengeschichten,"Gotzen-Beek, Betina"
Mein liebstes Pony Flocke - Ein Pony in der Schule,"Kessel, Carola von"
Hexe Lilli - Band 020 - und das leuchtende Einhorn,"Knister,"
Der Räuber Hotzenplotz und die Mondrakete,"Preussler, Otfried"
Die schönsten Leselöwen-Pferdegeschichten,
Die schönsten Leselöwen-Weihnachtsgeschichten,
Der kleine Drache Kokosnuss - Band 026 - und der,"Siegner, Ingo"
Luna Wunderwald - Ein Schlüssel im Eulenschnabel,"Luhn, Usch"
TKKG Junior - Band 002 - Vorsicht bissig!,"Tannenberg, Benjamin"
Die drei ??? Kids - Band 020 - Die geheimen Inseln,"Pfeiffer, Boris"
Die drei ??? Kids - Band 077 - Die Musikdiebe,"Pfeiffer, Boris"
Die drei ??? Kids - Band 076 - Blinde Passagiere,"Blanck, Ulf"
Die drei ??? Kids - Sonderband - Wilde Ganoven,"Blanck, Ulf"
Der kleine Major Tom - Band 001 - Völlig losgelöst,"Flessner, Bernd"
Der kleine Major Tom - Band 002 - Rückkehr zur Erde,"Flessner, Bernd"
Der Geisterkickboarder - Band 001 - auf der Jagd,"Baiker, Stefan"
Der Geisterkickboarder - Band 002 - auf Spurensuche,"Baiker, Stefan"
Beast Quest - Band 052 - Silver Fangzähne der Hölle,"Blade, Adam"
Beast Quest - Band 051 - Karaka Schwingen der,"Blade, Adam"
Das magische Baumhaus - Sammelband - Abenteuer in,"Osborne, Mary Pope"
Das magische Baumhaus - Sammelband - Im Zeichen,"Osborne, Mary Pope"
Kleine grosse Schritte,"Picoult, Jodi"
Spätsommerliebe,"Durst-Benning, Petra"
Das Atelier in Paris,"Musso, Guillaume"
Die letzten Meter bis zum Friedhof,"Tuomainen, Antti"
Ein unvergänglicher Sommer,"Allende, Isabel"
Medici - die Kunst der Intrige,"Strukul, Matteo"
Königskinder,"Capus, Alex"
Bordertown – Der Puppenmeister,"Ilves, J. M."
Medici - das Blut der Königin,"Strukul, Matteo"
Bretonische Geheimnisse,"Bannalec, Jean-Luc"
Heimkehr,"Hürlimann, Thomas"
Totentanz am Strand,"Wolf, Klaus-Peter"
Macbeth,"Nesbø, Jo"
Der Duft des Waldes,"Gestern, Hélène"
Ostfriesen - Angst,"Wolf, Klaus-Peter"
Jenseits der südlichen Sterne,"Haran, Elizabeth"
Northern Lights - Band 001 - Der Wolf vom Eagle,"Ross, Christopher"
Die Stille meiner Worte,"Reed, Ava"
Die drei !!! - Legende der Einhörner - Band 073,"Sol, Mira"
Die drei !!! - Rätsel der Vergangenheit - Band 074,"von Vogel, Maja"
Die drei ??? - Band 199 - Höhenangst,"Minninger, André"
Die drei ??? - Band 202 - Das weisse Grab,"Nevis, Ben"
Die Zeit der Kraniche - Band 3,"Renk, Ulrike"
Die Jahre der Schwalben - Band 2,"Renk, Ulrike"
Gregs Tagebuch - Band 013 - Eiskalt erwischt!,"Kinney, Jeff"
Die Mondschwester,"Riley, Lucinda"
Ostfriesen - Grab,"Wolf, Klaus-Peter"
Tausendundein Tag,"Lind, Hera"
Der achte Tag,"French, Nicci"
Flucht in die Schären,"Sten, Viveca"
TKKG Junior - Band 004 - Der rote Retter,"Tannenberg, Benjamin"
Der 13. Stuhl,"Shelton, Dave"
Gefährliche Freundinnen,"Clarke, Cat"
Sprichst du Schokolade?,"Lester, Cas"
"Jetzt ist alles, was wir haben","Giles, Amy"
Bernsteinstaub,"Gläser, Mechthild"
Schattenmond Bd 1,"Roberts, Nora"
Berühre mich. Nicht.,"Kneidl, Laura"
Die ewigen Toten,"Beckett, Simon"
"Nächte, in denen Sturm aufzieht","Moyes, Jojo"
Sadie,"Summers, Courtney"
Der Pascha aus Urnäsch,"Dur, Abdullah"
Das Reich der sieben Höfe - Band 4 - Frost und,"Maas, Sarah J."
IZARA - Band 003 - Sturmluft,"Dippel, Julia"
IZARA - Band 002 - Stille Wasser,"Dippel, Julia"
IZARA - Band 001 - Das ewige Feuer,"Dippel, Julia"
Beautiful Liars - Band 002 - Gefährliche Sehnsucht,"McGee, Katharine"
Beautiful Liars - Band 003 - Geliebte Feindin,"McGee, Katharine"
Beautiful Liars - Band 001 - Verbotene Gefühle,"McGee, Katharine"
Lass mich nicht los,"Alderson, Sarah"
Die Nacht der Wale,"Ross, Christopher"
Das Drachentor,"Nuyen, Jenny-Mai"
Broken Beautiful Hearts,"Garcia, Kami"
Todesurteil - Band 2,"Gruber, Andreas"
Weiße Fracht - lost in Fuseta,"Ribeiro, Gil"
Der Honigbus,"May, Meredith"
Graue Nächte,Arnaldur Indriason
Die Spur des Geldes,"Beck, Peter"
Einer wird sterben,"Lorenz, Wiebke"
Der Wal und das Ende der Welt,"Ironmonger, J. W."
Zara und Zoë - Rache in Marseille,"Oetker, Alexander"
Zwischen dir und mir das Meer,"Herzog, Katharina"
Das Verschwinden der Stephanie Mailer,"Dicker, Joël"
Die Fotografin - Band 2 - Die Zeit der Entscheidung,"Durst-Benning, Petra"
Traum des Lebens,"Archer, Jeffrey"
Goldschatz,"Noll, Ingrid"
Das Porzellanmädchen,"Bentow, Max"
Die Fotografin - Band 1 - Am Anfang des Weges,"Durst-Benning, Petra"
Bluthaus - Band 2,"Fölck, Romy"
"Mythos Academy 2, Frostfluch","Estep, Jennifer"
"Mythos Academy 3, Frostherz","Estep, Jennifer"
Spirit Animals - Band 010 - Der Sturm naht,"Johnson, Varian"
Tom Gates - Band 015 - Welches Monster?,"Pichon, Liz"
Mein Lotta-Leben - Band 15 - Wer den Wal hat,"Pantermüller, Alice"
Penny Pepper - Band 007 - Diebesjagd in London,"Rylance, Ulrike"
Die geheime Drachenschule - Band 002 - Der Drache,"Skye, Emily"
Die drei ??? - Band 205 - Das rätselhafte Erbe,"Sonnleitner, Marco"
Elena – Band 007 - In letzter Sekunde,"Neuhaus, Nele"
Gregs Tagebuch - Band 013 - Eiskalt erwischt!,"Kinney, Jeff"
"Die drei !!! - Band 077 - Achtung, Gaunerzeichen!","von Vogel, Maja"
Die drei !!! - Band 078 - Das Bienengeheimnis,"Vogel, Kirsten"
Die drei !!! - Band 076 - Falscher Ruhm,"Heger, Ann-Katrin"
Spirit Animals - Band 009 - Die Erde bebt,"Schwab, Victoria"
Ocean City - Band 002 - Im Versteck des Rebellen,"Acron, R. T."
Traumspringer,"Rühle, Alex"
Ruperts Tagebuch - Band 001 - Zu nett für diese Welt!,"Kinney, Jeff"
Drachenabenteuer für Erstleser,"Meyer-Dietrich, Inge"
Ponyhof Apfelblüte - Band 013 - Ein eigenes Pony für,"Young, Pippa"
TKKG Junior - Band 006 - Zwischen Gauklern und,"Tannenberg, Benjamin"
Die drei ??? Kids - Band 78 - Schrottplatz in Gefahr,"Blanck, Ulf"
Das magische Baumhaus - Band 054 - Das große Spiel,"Osborne, Mary Pope"
Beast Quest - Band 054 - Torpix Biss des Verderbens,"Blade, Adam"
Beast Quest - Band 044 - Striatos Plage der Prärie,"Blade, Adam"
Eddy Stone und der Pirat in der Badewanne,"Cherry, Simon"
Beast Quest - Band 053 - Ketos Monster der Tiefe,"Blade, Adam"
Ponyhof Apfelblüte - Band 012 - Lotte und die,"Young, Pippa"
Die drei ??? Kids - Sonderband - Der Monster-Schreck,"Pfeiffer, Boris"
Ein Fall für Kwiatkowski - Band 026 - Sherlocks Pfeife,"Banscherus, Jürgen"
Die drei ??? Kids - Sonderband - Der Adventskalender,"Blanck, Ulf"
Sternenschweif - Band 060 - Zauberfohlen,"Chapman, Linda"
Sternenschweif - Band 061 - Funkelnde Sternennacht,"Chapman, Linda"
Sternenschweif - Zirkusfreunde,"Chapman, Linda"
Beast Quest - Band 043 - Serpentix Reißzahn des Meeres,"Blade, Adam"
Globi - Band 089 - Abenteuer in Rom,"Lendenmann, Jürg"
Superpony Murphy,"Schwarz, Jesse"
TKKG Junior - Band 005 - Papageien in Not,"Vogel, Kirsten"
Die Olchis - im Land der Riesenkraken,"Dietl, Erhard"
Der Geisterkickboarder - Band 005 - kämpft weiter,"Baiker, Stefan"
Der Geisterkickboarder - Band 004 - unter Verdacht,"Baiker, Stefan"
"Setzt die Segel, Piraten!","Hanauer, Michaela"
Der kleine Drache Kokosnuss kommt in die Schule,"Siegner, Ingo"
"Rodrigo Raubein und Knirps, sein Knappe","Ende, Michael"
Dinoschreck um Mitternacht,"Hula, Kai Aline"
Fridolin,"Caspar, Franz"
Lesetiger-Ritterburggeschichten,THiLO
Mirella und das Nixengeheimnis,"Schröder, Patricia"
Monja Mondstein - Aufregung im Hexenhaus,"Uebe, Ingrid"
Willi Vampir in der Schule,"Dietl, Erhard"
Die allerbesten Detektivgeschichten,
Yakari die Suche nach kleiner Donner,
Ein Moment für die Ewigkeit,"Glines, Abbi"
Bergwasser,"Altermatt, Sabina"
Das Weihnachtsdorf,"Durst-Benning, Petra"
Die Blütensammlerin,"Durst-Benning, Petra"
Suche mich nicht,"Coben, Harlan"
Heimelig,"Imboden, Blanca"
Die junge Frau und die Nacht,"Musso, Guillaume"
Weißer Schlaf,"Schepp, Emelie"
Das kleine Cottage am Meer,"Macomber, Debbie"
Wie ein Leuchten in tiefer Nacht,"Moyes, Jojo"
Sterbekammer,"Fölck, Romy"
Bretonisches Vermächtnis,"Bannalec, Jean-Luc"
Der kubanische Käser,"Tschan, Patrick"
"Palm Beach, Finland","Tuomainen, Antti"
Es wird Zeit,"Kürthy, Ildik von"
Das Gedächtnis des Herzens,"Sendker, Jan-Philipp"
Vernichtung,"Lagercrantz, David"
Gier,"Elsberg, Marc"
Der Kinderflüsterer,"North, Alex"
Der Sänger,"Hartmann, Lukas"
Der Gesang der Flusskrebse,"Owens, Delia"
Die letzte Witwe,"Slaughter, Karin"
Todesmärchen,"Gruber, Andreas"
Offline - Du wolltest nicht erreichbar sein. Jetzt sitzt du in,"Strobel, Arno"
R.I.P.,"Sigurdardttir, Yrsa"
Messer,"Nesbø, Jo"
Sehnsucht nach Skye,"MacKinley, Tamara"
Northern Lights - Band 002 - Die Wölfe aus dem Nebel,"Ross, Christopher"
Kiss the Bodyguard - Band 01 - Kiss me once,"Tack, Stella"
Das Labyrinth des Fauns,"Funke, Cornelia"
Ocean City - Band 003 - Stunde der Wahrheit,"Acron, R. T."
Die drei ??? - Sonderband - und der dunkle Taipan,"Buchna, Hendrik"
Die drei ??? - Band 206 - die falschen Detektive,"Nevis, Ben"
Die drei ??? - Band 205 - und der Mottenmann,"Dittert, Christoph"
Die drei !!! - Band 081 - Geheimnis im Spukhotel,"Vogel, Maja von"
Die drei !!! - Band 080 - Ein echt schöner Fall,"Erlhoff, Kari"
Tom Gates - Band 014 - Voll auf den Keks,"Pichon, Liz"
Pferdeflüsterer Academy - Band 03 - Eine gefährliche,"Mayer, Gina"
Wilde Horde - Band 002 - Pferdeflüstern,"Tempel, Katrin"
Ophelia Scale - Der Himmel wird beben,"Kiefer, Lena"
"Gebieter der Elemente, Gläserner Sturm","Cast, P.C."
Good Night Stories for Rebel Girls 2,"Favilli, Elena"
River Boy,Bowler Tim
Under the Skin,"MacPhail, Cathrine"
Rise up,"Huq, Konnie"
Die drei !!! - Bücherhelden - Diebe im Gemüsebeet,"Ambach, Jule"
"Die drei ??? Kids - Band 004 - Achtung, Dinos!","Blanck, Ulf"
Gefährlicher Nebel,"Blanck, Ulf"
Turbo-Rennen,"Pfeiffer, Boris"
TKKG Junior - Band 008 - Die Dino-Diebe,"Tannenberg, Benjamin"
TKKG Junior - Band 007 - Nachts im Gruselpark,"Vogel, Kirsten"
Der Geisterkickboarder - Band 008 - in der Falle,"Baiker, Stefan"
Der Geisterkickboarder - Band 007 - auf Mission,"Baiker, Stefan"
Der Geister-Kickboarder... - Band 003 - erhält Hilfe,"Baiker, Stefan"
Das magische Baumhaus junior - Band 020 - SOS auf der,"Osborne, Mary Pope"
Das magische Baumhaus junior - Band 019 - Das,"Osborne, Mary Pope"
Das magische Baumhaus junior - Band 014 - Gefahr im,"Osborne, Mary Pope"
Der magische Blumenladen - Band 001 - Die,"Mayer, Gina"
Das Pony-Café - Band 003 - Ein Schnabel voll Glück,"Allert, Judith"
Das Pony-Café - Band 005 - Eine Fee im,"Allert, Judith"
Der magische Blumenladen - Band 002 - Das,"Mayer, Gina"
Erstlesegeschichten vom Fußballplatz,"Klein, Martin"
Der kleine Drache Kokosnuss - bei den Römern,"Siegner, Ingo"
Drachengeschichten,"Taube, Anna"
Meine ersten Piratengeschichten,
BMX und sonst nix!,"Tielmann, Christian"
Lindbergh,"Kuhlmann, Torben"
Edison,"Kuhlmann, Torben"
Papa Moll - Band 028 - im Schnee,"Meier, Rolf"
Papa Moll - Band 031 - zieht um,"Lendenmann, Jürg"
Der Himmel über dem Outback,"Haran, Elizabeth"
Die Weberbauern,"Züst, Walter"
Gregs Tagebuch - Band 014 - Voll daneben!,"Kinney, Jeff"
Diarry of a wimpy kid - Band 14 - Wrecking Ball,Jeff Kinney
Weird but true 2019,Collins
Die Sonnenschwester,"Riley, Lucinda"
Die Insel unter dem Meer,"Allende, Isabel"
Tom Gates - Band 005 - Ich hab für alles eine Lösung,"Pichon, Liz"
Diary of a wimpy Kid - Band 12 - The Getaway,Kinney Jeff
Diary of an awesome friendly kid - Band 01 - Rowley,Kinney Jeff
"Anna Göldin, letzte Hexe","Hasler, Eveline"
The Diary of a Young Girl Book and MP3 Pack,"Frank, Anne"
Night School - Band 005 - und Gewissheit wirst du haben,"Daugherty, C. J."
Night School - Band 004 - um der Hoffnung Willen,"Daugherty, C. J."
Sunny Valentine - Band 003 - Von der Flaschenpost im,"Kramer, Irmgard"
Sunny Valentine - Band 001 - Von Tropenvögeln und,"Kramer, Irmgard"
Sunny Valentine - Band 002 - Von Schaumbädern und,"Kramer, Irmgard"
Die Sterne von Marmalon,"Link, Charlotte"
Erinnerung des Herzens,"Roberts, Nora"
Die Tränen der Maori-Göttin,"Lark, Sarah"
Gregs Tagebuch - Band 007 -Dumm Gelaufen,"Kinney, Jeff"
Eine himmlische Begegnung,"Musso, Guillaume"
Das Papiermädchen,"Musso, Guillaume"
12 - Das erste Buch der Mitternacht - Band 1,"Snow, Rose"
Hope - Der Ruf der Pferde,"Lark, Sarah"
Sturm,"Scheuring, Christoph"
Street Warriors - Operation P.R.O.T.E.U.S.,"Black, Peter Jay"
By your side,"Miller, Beth Anne"
After - Band 2 - truth,"Todd, Anna"
After - Band 3 - love,"Todd, Anna"
After - passion - Band 1,"Todd, Anna"
After - Band 4 - forever,"Todd, Anna"
Freerunning,"Gabathuler, Alice"
Auf der Suche nach dem Kolibri,"Dellaira, Ava"
Der Knast,"Zai, Tom"
Crash,"Ivanov, Petra"
Biohacker,"Schwendener, Severin"
Sex-Ding,"Ivanov, Petra"
Krawallnacht - Alina,"Gabathuler, Alice"
Krawallnacht - Kilians Geschichte,"Gabathuler, Alice"
Voll Risiko,"Gabathuler, Alice"
Fitness-Junkie,"Sigg, Stephan"
Erwischt,"Alves, Katja"
Wie du mich siehst,"Mafi, Tahereh"
Two can keep a secret,"McManus, Karen M."
Gregs Tagebuch - Band 004 - Ich war’s nicht!,"Kinney, Jeff"
Gregs Tagebuch - Band 003 - Jetzt reicht’s!,"Kinney, Jeff"
Tara und Tahnee - verloren im Tal des Goldes,"Hertweck, Patrick"
Willa of the Wood – Das Geheimnis der Wälder,"Beatty, Robert"
Die drei ??? - Band 204 - Der dunkle Wächter,"Nevis, Ben"
Survival - Band 001 - Verloren am Amazonas,"Schlüter, Andreas"
Die Olchis - und die Gully-Detektive von Loch Ness,"Dietl, Erhard"
"Die drei ??? Kids - Band 079 - Achtung, Abenteuer!","Pfeiffer, Boris"
Die drei ??? Kids - Band 083 - Fußball-Diebe,"Pfeiffer, Boris"
Die Schule der magischen Tiere - Eingeschneit!,"Auer, Margit"
Disney Die Eiskönigin 2: Der Roman zum Film,"The Walt Disney Company, The"
Gefangen im Game - Die verborgenen Portale,"Brady, Dustin"
Bibi & Tina - Pferdefreundinnen fürs Leben,"Bornstädt, Matthias von"
Papa Moll - Band 029 - und das Kochmobil,"Meier, Rolf"
Papa Moll - Band 007 - auf Schweizer Reise,
Papa Moll - Band 008 - hat Geburtstag,
Globi - Band 055 - bei der Rettungsflugwacht,
Globi - Band 083 - beim Fernsehen,"Frick, Daniel E."
Globi - Band 090 - im Spital,Robert Lips
Globine - Band 004 - und die geheimnisvolle Burgruine,"Glättli, Samuel"
Globine - Band 005 - und das Flussungeheuer,"Aeberli, Sibylle"
Ein Fall für die Kichererbsen,"Reider, Katja"
Magische Geschichten,THiLO
Dreamworks Spirit Wild und Frei: Neue Freunde,"DreamWorks Animation L.L.C.,"
Im Labyrinth der Finsternis,"Lenk, Fabian"
Dreamworks Dragons - immer auf der Suche,"Wagner, Yvette"
Mutgeschichten,"Reider, Katja"
ALARM AUF DER WELTRAUMSTATION,"Neubauer, Annette"
Zeit der Schwalben,"Scott, Nikola"
Die Tochter des Uhrmachers,"Morton, Kate"
Tage des Lichts - Band 3,"Renk, Ulrike"
Vier durch vier,"Dahl, Arne"
Das Lied der Pferde,"Jordan, Ricarda"
Schweige still,"Robotham, Michael"
Die Wächter,"Grisham, John"
Was sie nicht wusste,"French, Nicci"
Draussen,"Klüpfel, Volker"
Die Patientin,"Brand, Christine"
Die Spionin,"Kealey, Imogen"
Jahre aus Seide - Band 1,"Renk, Ulrike"
Zeit aus Glas - Band 2,"Renk, Ulrike"
Die Spiegelreisende - Band 01 - Das Gedächtnis von,"Dabos, Christelle"
Die Spiegelreisende - Band 02 - Die verschwundenen,"Dabos, Christelle"
Die Spiegelreisende - Band 01 - Die Verlobten des,"Dabos, Christelle"
Tödliche Sehnsucht,"Brown, Sandra"
Die Fotografin - Band 3 - Die Welt von morgen,"Durst-Benning, Petra"
Schwert und Krone - der junge Falke,"Ebert, Sabine"
Schwert und Krone - Zeit des Verrats,"Ebert, Sabine"
Schwert und Krone - Herz aus Stein,"Ebert, Sabine"
Ostfriesenhölle,"Wolf, Klaus-Peter"
Rotkäppchens Traum,"Bentow, Max"
Der Schmetterlingsjunge Band 7,"Bentow, Max"
Eiskalte Augenblicke,"Sten, Viveca"
Todesfrist Band 1,"Gruber, Andreas"
Globi - Band 087 - und die verrückte Maschine,"Frick, Daniel E."
Globi - Band 074 - Alpenreise,"Schmid, Heiri"
Globi - Band 084 - der schlaue Bauer,"Lendenmann, Jürg"
Globi - Band 079 - in der Schule,"Glättli, Samuel"
Globi - Band 080 - und die Pirateninsel,"Glättli, Samuel"
Bretonische Spezialitäten,"Bannalec, Jean-Luc"
Das Haus der Frauen,"Colombani, Laetitia"
Klara vergessen,"Autissier, Isabelle"
Ein halbes Herz,"Lundberg, Sofia"
Pandatage,"Gould-Bourn, James"
Die Perlenfarm,"Marklund, Liza"
Margos Töchter,"Stephan, Cora"
Wenn du zurückkehrst,"Sparks, Nicholas"
"Ein Wort, um dich zu retten","Musso, Guillaume"
Der Funke des Lebens,"Picoult, Jodi"
Der brennende See,"Düffel, John von"
Das Holländerhaus,"Patchett, Ann"
Der Wassertänzer,"Coates, Ta-Nehisi"
Die Spiegelreisende - Band 04 - Im Sturm der Echos,"Dabos, Christelle"
Die drei ??? - Band 207 - Kreaturen der Nacht,"Sonnleitner, Marco"
Auf den Spuren des Geisterwolfs,"Ross, Christopher"
Die Detektive vom Bhoot-Basar,"Anappara, Deepa"
Charlottes Traumpferd - Band 06 - Durch dick und dünn,"Neuhaus, Nele"
Penelop und der funkenrote Zauber,"Zinck, Valija"
Schwarzer August,"Ribeiro, Gil"
Die Tribute von Panem - Band 04 - Das Lied von Vogel,"Collins, Suzanne"
Globi - Band 091 - auf der Alp,"Frick, Daniel"
Träume aus Samt - Band 4,"Renk, Ulrike"
Schicksalssterne,"Lark, Sarah"
Sommer der Wahrheit,"Neuhaus, Nele"
Zeiten des Sturms,"Neuhaus, Nele"
Straße nach Nirgendwo,"Neuhaus, Nele"
Bildermaus - Geschichten aus der Schule,"Vogel, Maja von"
Hin und nicht weg,"Keil, Lisa"
Die Lilienbraut,"Simon, Teresa"
Nordlicht - Die Spur des Mörders,"Hinrichs, Anette"
Wälti wird Geissbub,"Antilli Frick, Karin"
Das Manuskript,"Grisham, John"
Ihr Königreich,"Nesbø, Jo"
Fräulein Gold - Band 1 - Schatten und Licht,"Stern, Anne"
Der Garten meiner Mutter,"Roy, Anuradha"
Die Fotografin - Band 4 - Die Stunde der Sehnsucht,"Durst-Benning, Petra"
Helvetia 1949,"Gurt, Philipp"
Das Mädchen an der Brücke,Arnaldur Indriason
Die Nanny,"Macmillan, Gilly"
Die Bibliothekarin von Auschwitz,"Iturbe, Antonio G."
Der Junge aus dem Wald,"Coben, Harlan"
Just Like You,"Hornby, Nick"
Das Leben ist ein wilder Garten,"Buti, Roland"
Eine Liebe in Australien,"Haran, Elizabeth"
Das Erbe der Vogelmenschen,"de Cesco, Federica"
Blackcoat Rebellion - Das Los der Drei,"Carter, Aimée"
Die Schule der Alyxa - Band 1- Der dunkle Meister,"Ferguson, R. L."
Save us,"Kasten, Mona"
Spiel um dein Schicksal,"Tack, Stella"
Pretty dead,"Hasse, Stefanie"
Save you,"Kasten, Mona"
Save me,"Kasten, Mona"
Cryptos,"Poznanski, Ursula"
Die Schule der Alyxa - Band 03 - Der sechste Sinn,"Ferguson, R. L."
Mein Bruder heißt Jessica,"Boyne, John"
Silberdrache - Das Geheimnis der Drachenkönigin,"Khoury, Jessica"
Die Traumdiebe,"Dimaline, Cherie"
Die Schule der Alyxa - Band 02 - Morvans Erbe,"Ferguson, R. L."
Luftschlösser sind schwer zu knacken,"Leser, Antje"
Pferdeflüsterer Academy - Band 04 - Verletztes,"Mayer, Gina"
Tom Gates - Band 007 - Schwein gehabt (und zwar,"Pichon, Liz"
Tom Gates - Band 009 - Läuft! (Wohin eigentlich?),"Pichon, Liz"
Pferdeflüsterer Academy - Band 02 - Ein geheimes,"Mayer, Gina"
Rupert präsentiert - Ein echt wildes Abenteuer - Bd 2,"Kinney, Jeff"
Die drei !!! - Band 087 - Geheimnisvoller Liebestrank,"Heger, Ann-Katrin"
Die drei !!! - Band 084 - Luftballon-Küsse,"Heger, Ann-Katrin"
Wilde Horde - Band 003 - Seelenpferde,"Tempel, Katrin"
"Die drei !!! - Betrug, Baguette und ganz viel Paris","Wich, Henriette"
"Die drei !!! - Tatort, Tee und ganz viel London","Erlhoff, Kari"
Die drei !!! - Band 063 - Flammen in der Nacht,"Vogel, Maja von"
Papa Moll - Band 033 - der Detektiv,"Lendenmann, Jürg"
Papa Moll - Band 025 - geht baden,"Meier, Rolf"
Papa Moll - Band 009 - macht Ferien,Edith Jonas
Papa Moll - Band 024 - im Verkehrshaus,"Jonas, Edith"
Papa Moll - Band 14 - reist um die Welt,
Der Geisterkickboarder - Band 009 - wird vermisst,"Baiker, Stefan"
Die drei ??? Kids - Bücherhelden - Ungeheuer in Sicht!,"Blanck, Ulf"
"Die drei ??? Kids - Bücherhelden - Alarm, die Ritter","Blanck, Ulf"
Die drei ??? Kids - Band 85 - Falscher Alarm,"Pfeiffer, Boris"
Die Olchis im Land der Ritter,"Dietl, Erhard"
"Ponyhof Apfelblüte - Glaub an dich, Juli","Young, Pippa"
Der magische Blumenladen - Eine himmelblaue,"Mayer, Gina"
Der magische Blumenladen - Die verzauberte Hochzeit,"Mayer, Gina"
Der magische Blumenladen - Fabelhafte Ferien,"Mayer, Gina"
Die Schule der magischen Tiere - Endlich Ferien - Band,"Auer, Margit"
Die Fußball-Tornados -Band 3 - Eine eigene Liga!,THiLO
Die Fußball-Tornados - Band 2 - Trainer gesucht!,THiLO
Die Fußball-Tornados - BAnd 1 - 1:0 für Jonas,THiLO
Minecraft (3) : Unter Wasser,"Eliopulos, Nick"
Minecraft (4) : der Magier,"Eliopulos, Nick"
Minecraft - Das Ende,"Valente, Catherynne M."
Bibi & Tina - im Land der weißen Pferde,"Gürtler, Stephan"
Die Eiskönigin; Olafs beste Abenteuer,Thilo
"Disney, Die Eiskönigin, völlig unverfroren - Zauberhafte",THiLO
Paw Patrol - Neue Pfotenmissionen,
Die Krumpflinge - Egon und der Schulausflug,"Roeder, Annette"
Winnie und die Wunschfee,"Obrecht, Bettina"
"Toms geniales Meisterwerk - Band 012 - Familie, Freunde","Pichon, Liz"
Tom Gates - Band 017 - Spektakulärer Schulausflug,"Pichon, Liz"
Belmonte - Band 1 -,"Riepp, Antonia"
Schwert und Krone - Preis der Macht,"Ebert, Sabine"
Cursed Love,"Voosen, Tanja"
Phönix,"Peinkofer, Michael"
ONE OF US IS NEXT,"McManus, Karen M."
Verliere mich. Nicht.,"Kneidl, Laura"
Gregs Tagebuch - Band 15 - Halt mal die Luft an!,"Kinney, Jeff"
Matilda und die Sommersonneninsel,"Sahler, Martina"
Meine teuflisch gute Freundin,"Ullrich, Hortense"
Zimtküsse,"Selek, Deniz"
Bodyguard - der Anschlag,"Bradford, Chris"
Body Guard - Der Hinterhalt,"Bradford, Chris"
Beat it up,"Tack, Stella"
Kiss the Bodyguard - Band 02 - Kiss me twice,"Tack, Stella"
Die Tuchvilla - Band 1,"Jacobs, Anne"
Rückkehr in die Tuchvilla - Band 4,"Jacobs, Anne"
Die Schule der magischen Tiere - Ermittelt - Band 002 -,Margit Auer
Die Schule der magischen Tiere - Ermittelt - Band 001 -,"Auer, Margit"
Expedition Nachtland,"Osenger, Herbert"
Tür an Tür mit Al Capone,"Choldenko, Gennifer"
Wie die Katze,"Löhrer, Andreas"
Muttertag,"Neuhaus, Nele"
Verbrechen,"Schirach, Ferdinand von"
Das Lächeln der Libellen,"Koelle, Patricia"
Das Grab in den Schären,"Sten, Viveca"
Ohne Schuld,"Link, Charlotte"
Die vier Gezeiten,"Prettin, Anne"
Der Schattenmörder,"North, Alex"
Das Geheimnis von Zimmer 622,"Dicker, Joël"
Was wir Frauen wollen,"Allende, Isabel"
Lauralei,"Künzle, Karin"
Das Flüstern der Bienen,"Segovia, Sofa"
Mordsand,"Fölck, Romy"
Der Tausch – Zwei Frauen. Zwei Tickets. Und nur ein,"Clark, Julie"
Fürchte die Schatten,"Robotham, Michael"
Der Himmel über dem Platz,"Wildner, Martina"
Scarlett & Browne - Band 001 - Die Outlaws,"Stroud, Jonathan"
Fräulein Kniffkes geheime Heldenschule - Stinkesocken,"Havek, Lena"
Alien Academy,"Till, Jochen"
RAVNA – Tod in der Arktis,"Herrmann, Elisabeth"
Concrete rose,"Thomas, Angie"
Zane gegen die Götter - Band 2 - Feuerhüter,"Cervantes, J. C."
Zane gegen die Götter - Band 1 - Sturmläufer,"Cervantes, J. C."
Meeresglühen - Band 001 - Geheimnis in der Tiefe,"Fleck, Anna"
Die drei??? und der Geisterbunker,"Nevis, Ben"
Die drei ??? - Band 215 - Die Schwingen des Unheils,"Buchna, Hendrik"
Die drei ??? - Band 214 - und die verlorene Zeit,"Dittert, Christoph"
Außer Kontrolle,"Rai, Bali"
Jäger in der Tiefe,"Cole, Steve"
Die Nacht in der Schule,"Janotta, Anja"
"Mein Lotta-Leben - Band 17 - Je Otter, desto flotter","Pantermüller, Alice"
Das letzte Eichhorn,"Pantermüller, Alice"
Das Kind vom anderen Stern,"Welford, Ross"
Die drei !!! - Band 089 - Der Fluch der Fee,"Heger, Ann-Katrin"
Durch die Nacht und alle Zeiten,"Völler, Eva"
Chaos im Kopf,"Minelli, Michèle"
Perfect storm,"Reinhardt, Dirk"
Alea Aquarius - Band 06 - Der Fluss des Vergessens,"Stewner, Tanya"
Sommer der blauen Wünsche,"Babendererde, Antje"
Liebst du den Verräter? - Band 02,"Hasse, Stefanie"
Küsst du den Feind? - Band 01,"Hasse, Stefanie"
Horse Club – Die große Pferdeshow,"Walden, Emma"
Liliane Susewind – Ein Eichhörnchen hat's eilig,"Jablonski, Marlene"
Liliane Susewind - ein Lämmchen im Wolfspelz,"Jablonski, Marlene"
Berti und seine Brüder - das coolste Haustier der Welt,"Dickreiter, Lisa-Marie"
"Ponyhof Apfelblüte - 17 - Hör auf dein Herz, Lotte","Young, Pippa"
Sternenschweif - Das Geheimnis der Bienen,"Chapman, Linda"
Das magische Baumhaus - Band 55 - Helden im Hurrikan,"Pope Osborne, Mary"
Ritter werden leicht gemacht - Band 3 - Ein äußerst,"French, Vivian"
"Ritter werden leicht gemacht - Band 4 - Punkte, Streifen","French, Vivian"
Ritter werden leicht gemacht -Band 5 - Kampf um die,"French, Vivian"
Rick Nautilus - Band 1 - SOS aus der Tiefe,"Blanck, Ulf"
Rick Nautilus - Band 2 - Gefangen auf der Eiseninsel,"Blanck, Ulf"
Die drei !!! - Bücherhelden - Rehkitz in Gefahr,"Ambach, Jule"
Die drei !!! - Bücherhelden - Spuk im Schloss,"Ambach, Jule"
Die drei ??? Kids - Band - Ungeheuer in Sicht!,"Blanck, Ulf"
Die drei ??? Kids - Bücherhelden - Der unsichtbare Dieb,"Blanck, Ulf"
Das Bücherschloss - Band 001 - Das Geheimnis der,"Rose, Barbara"
Die Jagd nach dem magischen Detektivkoffer - Band 3,"Stronk, Cally"
Zuckersüße Samtpfötchen- Zauberkätzchen 16,"Bentley, Sue"
Magische Häschen - eine zauberhafte Tanzstunde,"Bentley, Sue"
TKKG Junior - Der verborgene Schatz,"Tannenberg, Benjamin"
TKKG Junior - Der gepanschte Punsch,"Vogel, Kirsten"
Globine - Band 006 - in der Stadt,"Glättli, Samuel"
Globine - Band 003 - und das Kuhrennen,"Glättli, Samuel"
"Lesezug - Sternchen, mein Fohlen","Schinko, Barbara"
LESEZUG - Tierisch viel Spaß,"Ammerer, Karin"
Lesezug - Meine Freunde und ich,"Broska, Elke"
Lesezug - Mutig und frech,"Kratzer, Hertha"
Leserabe - Weltraumgeschichten,Leopé
Harry Potter - Band 03 - und der gefangene von,"Rowling, J. K."
Harry Potter - Band 02 - und die Kammer des Schreckens,"Rowling, J. K."
Harry Potter - Band 01 - und der Stein der Weisen,"Rowling, J. K."
Harry Potter - Band 04 - und der Feuerkelch,"Rowling, J. K."
Harry Potter - Band 05 - und der Orden des Phönix,"Rowling, J. K."
Harry Potter - Band 07 - und die Heiligtümer des Todes,"Rowling, J. K."
Harry Potter - Band 06 - und der Halbblutprinz,"Rowling, J. K."
Das Grand Hotel - Die nach den Sternen greifen,"Benedikt, Caren"
Die Perlenprinzessin. Rivalen,"Lorentz, Iny"
Globi - Band 092 - und Roger,"Koller, Boni"
Star Wars - Das geheime Wissen der Jedi,"Dowsett, Elizabeth"
Star Wars - Galaxis in Gefahr und andere spannende,"Wellner-Kempf, Anke"
"Star wars - the clone wars, Abenteuer der Jedi","Winter, Marc"
Alea Aquarius - Band 05 - Die Botschaft des Regens,"Stewner, Tanya"
Die Frauen von Kilcarrion,"Moyes, Jojo"
Die Päpstin,"Cross, Donna Woolfolk"
Mörderfinder - Die Spur der Mädchen,"Strobel, Arno"
Die Gärten von Monte Spina,"Scriverius, Henrike"
Tor zu 1000 Welten,"Loeffelbein, Christian"
Night of Crowns : Band 2 : Kämpf um dein Herz,"Tack, Stella"
Die verschwundene Schwester,"Riley, Lucinda"
Die Glasperlenmädchen,"Wingate, Lisa"
Die Frauen von Kopenhagen,"Tinning, Gertrud"
Die Australierin - Band 1,"Renk, Ulrike"
Die australischen Schwestern - Band 2,"Renk, Ulrike"
Das Versprechen der australischen Schwestern (3),"Renk, Ulrike"
Nordlicht - Die Tote im Küstenfeuer,"Hinrichs, Anette"
Nordlicht - die Tote am Strand,"Hinrichs, Anette"
Das Wunder eines Augenblicks,"Sparks, Nicholas"
Bis zum letzten Tag,"Sparks, Nicholas"
Die Perlenprinzessin. Kannibalen,"Lorentz, Iny"
Die Fotografin - Band 5 - Das Ende der Stille,"Durst-Benning, Petra"
Sonntagsgeschirr,"Obendrauf, Anita"
"Eine Geschichte, die uns verbindet","Musso, Guillaume"
Flüchtiges Begehren,"Leon, Donna"
Winter eines Lebens,"Archer, Jeffrey"
Das Vermächtnis des Vaters,"Archer, Jeffrey"
Die Clifton-Saga - Spiel der Zeit,"Archer, Jeffrey"
Das Grand Hotel - Die mit dem Feuer spielen,"Benedikt, Caren"
Die Wege der Macht - Band 5,"Archer, Jeffrey"
Blutblume,"Boije af Gennäs, Louise"
Die Verlorenen,"Beckett, Simon"
Möge die Stunde kommen,"Archer, Jeffrey"
Ponyherz-Band 004-Das Pferd der Prinzessin,"Luhn, Usch"
Fräulein Gold - Band 3 - der Himmel über der Stadt,"Stern, Anne"
Diary of a Wimpy Kid,Jeff Kinney
Die wilden Küken - Band 008 - Auf der Alm,"Schmid, Thomas"
Biss zum Abendrot - Band 03,"Meyer, Stephenie"
Biss zum Morgengrauen - Band 01,"Meyer, Stephenie"
Biss zur Mittagsstunde - Band 02,"Meyer, Stephenie"
Biss zum Ende der Nacht -Band 04,"Meyer, Stephenie"
Der freie Hund,"Schorlau, Wolfgang"
Winterland (1),"Faber, Kim"
Fräulein Gold - Band 2 - Scheunenkinder,"Stern, Anne"
Villa Fortuna - Band 2 -,"Riepp, Antonia"
Die Studentin,"Gerritsen, Tess"
Die Zeit der Kirschen,"Barreau, Nicolas"
Die vier Winde,"Hannah, Kristin"
Die vier Winde,"Hannah, Kristin"
Der andere Sohn,"Mohlin, Peter"
Besuch aus ferner Zeit,"Webb, Katherine"
Der Sucher,"French, Tana"
Die Rebellin und der Dieb,"Sendker, Jan-Philipp"
Der Spezialist,"Child, Lee"
Das Bauwerk der Sehnsucht,"Bordoli, Ladina"
Das Fundament der Hoffnung,"Bordoli, Ladina"
Die Buchhändlerin,"Thorn, Ines"
Der Polizist,"Grisham, John"
Sharing – Willst du wirklich alles teilen?,"Strobel, Arno"
Nachttod,"Mo, Johanna"
Nichts bleibt begraben,"Coben, Harlan"
Die Geschichte eines neuen Namens,"Ferrante, Elena"
Lieselotte - lustige Bauernhofgeschichten zum Vorlesen,"Krämer, Fee"
Das Rösslein Hü fährt wieder in die Welt,"Caspar, Franz"
Die lustigen Abenteuer des Rösslein Hü,"Williams, Ursula Moray"
Die Olchis - oh wie schön ist Schmuddelfing,"Dietl, Erhard"
Erdbeerinchen Erdbeerfee - Ein geheimnisvolles,"Dahle, Stefanie"
LESEZUG/1. Klasse Otto Oktopus spielt Verstecken,"Byrne, Ruth Anne"
Liliane Susewind - Ein Hase fällt nicht auf die Nase,"Jablonski, Marlene"
Liliane Susewind – Ein Luchs legt los,"Stewner, Tanya"
Liliane Susewind - eine Freundin für den Fuchs,"Jablonski, Marlene"
Die drei ??? Kids - Band 89 - Im Geistergarten,"Pfeiffer, Boris"
Die drei ??? Kids - Band 88 - Schatz aus dem All,"Blanck, Ulf"
Der Geisterkickboarder - Band 010 - ... auf Siegeskurs,"Baiker, Stefan"
Pumuckl und der Kakadu,"Kaut, Ellis"
Die Tierolympiade,"Wich, Henriette"
Eine Freundin für Mia,"Fischer-Hunold, Alexandra"
Globi - Band 069 - Globi und die Bahn,
Globi - Band 065 - bei der Post,"Schmid, Heiri"
Globi - Band 051 - abenteuerliche Schweizer Reise,"Heinzer, Peter"
Ponyhof Apfelblüte (Band 18) - Große Sorge um,"Young, Pippa"
"Ponyhof Apfelblüte - 17 - Hör auf dein Herz, Lotte","Young, Pippa"
Rick Nautilus - Alarm in der Delfin-Lagune,"Blanck, Ulf"
Rick Nautilus - Geisterschiff am Meeresgrund,"Blanck, Ulf"
"Die drei ??? Kids - Bücherhelden 2. Klasse, Hunde in","Blanck, Ulf"
TKKG Junior - Die Schoko-Diebe,"Vogel, Kirsten"
Der kleine Drache Kokosnuss - und der chinesische,"Siegner, Ingo"
Das magische Baumhaus junior (Band 27) -,"Pope Osborne, Mary"
Das magische Baumhaus junior - Band 26 - König Artus,"Pope Osborne, Mary"
Das magische Baumhaus junior 25 - Bedrohung im,"Pope Osborne, Mary"
Das magische Baumhaus - Band 24 - Gorilla-Baby in Not,"Pope Osborne, Mary"
"Mariella Manusch - Achtung, hier kommt Frau Eule!","Below, Christin-Marie"
"Mirella Manusch - Hilfe, mein Kater kann sprechen!","Below, Christin-Marie"
Der letzte Feuerfalke - Band 001 - und der Stein der,"Charman, Katrina"
Der letzte Feuerfalke - Band 002 - und die Kristallhöhlen,"Charman, Katrina"
Bird girl - wie mein Glück fliegen lernte,"Stark-McGinnis, Sandy"
Underworld Chronicles - Band 1 - Verflucht,"May, Jackie"
Underworld Chronicles - Band 2 - Gejagt,"May, Jackie"
Northern Lights - Die Wölfe vom Charley River,"Ross, Christopher"
One Way Or Another,"McDowell, Kara"
Der Schwur der Göttin - Band 1 - Beyond Eternity,"Miln, Greta"
Mein unverhoffter Pferdesommer,"Teichert, Mina"
Monster,"Jünger, Brigitte"
Die beste Zeit ist am Ende der Welt,"Barnard, Sara"
Vergissmeinnicht - Was man bei Licht nicht sehen kann,"Gier, Kerstin"
Meeresglühen - Band 2 - Wiedersehen in Atlantis,"Fleck, Anna"
Emma Charming – Band 1 - nicht zaubern ist auch keine,"Birchall, Katy"
Das Universum ist verdammt groß und supermystisch,"Krusche, Lisa"
City Spies - Band 1- Gefährlicher Auftrag,"Ponti, James"
City Spies - Band 2 - Tödliche Jagd,"Ponti, James"
Fiese Witze,"Witzka, Heide"
Lucy Longfinger – Band 1 - einfach unfassbar!:,"Habschick, Anja"
Lucy Longinger - Band 2 - Explosive Entdeckung,"Habschick, Anja"
Catacombia - Band 1 - Abstieg in die Tiefe,"Ferguson, R.L."
Die drei !!! - Sonderband - Paradies in Not,"Heger, Ann-Katrin"
Die drei !!! - Band 091 - Geburtstagsdiebe,"Heger, Ann-Katrin"
Die drei !!! - Band 092 - Geheimnis am Fluss,"Vogel, Kirsten"
Die drei ??? - Im Netz der Lügen,"Erlhoff, Kari"
Die drei ??? - und der Fluch des Rubins,"Arthur, Robert"
Die drei ??? - und die flüsternde Mumie,"Arthur, Robert"
Die drei ??? - und das Gespensterschloss,"Arthur, Robert"
Die drei ??? - und der Kristallschädel,"Marx, André"
Die drei !!! - Band 088 - Die Krimi-Verschwörung,"von Vogel, Maja"
Die Geister der Pandora Pickwick,"Wolff, Christina"
Schule der Schatten - Band 1 - Die lautlosen Kämpfer,"Langer, Andreas"
Die Amazonas-Detektive - Band 1 - Verschwörung im,"Michaelis, Antonia"
Leo und Lucy - die Sache mit dem dritten L,"Elbs, Rebecca"
School of Talents - Band 2 - Zweite Stunde: Stromausfall!,"Schellhammer, Silke"
School of Talents - Band 1 - Erste Stunde: tierisch laut!,"Schellhammer, Silke"
Alea Aquarius - Band 07 - Im Bannkreis des Schwurs,"Stewner, Tanya"
Peter Hogart - Band 3 - Die Knochennadel,"Gruber, Andreas"
Peter Hogart - Band 1 - Die schwarze Dame,"Gruber, Andreas"
Ein Traum in Australien,"Haran, Elizabeth"
Kommissar Konrad - Band 3 - Tiefe Schluchten,Arnaldur Indriason
Die Tierärztin - Band 2 - Voller Hoffnung,"Lark, Sarah"
Die Tierärztin - Band 1 - Große Träume,"Lark, Sarah"
Die Perlenprinzessin. Missionare,"Lorentz, Iny"
Mein letzter Wunsch,"Sparks, Nicholas"
Das Fest der kleinen Wunder - Band 4,"Renk, Ulrike"
Frühling auf Gut Fennhusen - Band 6,"Renk, Ulrike"
Die Frau des Seidenwebers,"Renk, Ulrike"
Die Seidenmagd,"Renk, Ulrike"
Die Heilerin,"Renk, Ulrike"
Gregs Tagebuch 16 - Volltreffer!,"Kinney, Jeff"
Sturm über der Tuchvilla - Band 5,"Jacobs, Anne"
Die Engelsmühle,"Gruber, Andreas"
MS Kristiana - Eine Liebe am Ende der Welt,"Jänicke, Greta"
Der Ruf der Kalahari,"Mennen, Patricia"
Wild like a river - Band 1,"Mohn, Kira"
Todesspiel im Hafen,"Wolf, Klaus-Peter"
All This Time – Lieben heißt unendlich sein,"Daughtry, Mikki"
Fräulein Gold - Band 4 - Die Stunde der Frauen,"Stern, Anne"
Weihnachten in Gefahr,"Callsen, Henning"
Das Mädchen mit dem Drachen Bd. 3,"Colombani, Laetitia"
Bretonische Idylle,"Bannalec, Jean-Luc"
Finsterhaus,"Mo, Johanna"
Tiergeschichten,"von Vogel, Maja"
Nebelopfer,"Fölck, Romy"
Mehr als ein Leben,"Moser, Milena"
Was im Verborgenen ruht,"George, Elizabeth"
Die Kinder sind Könige,"de Vigan, Delphine"
Mörderfinder - Die Macht des Täters,"Strobel, Arno"
Zusammen ist es Freundschaft,"Bergstrand, Mikael"
Was wir verschweigen,"Tuominen, Arttu"
Die andere Schwester,"Mohlin, Peter"
Null gleich eins,"Dahl, Arne"
Das Loft,"Geschke, Linus"
The maid,"Prose, Nita"
Etzelpass,"Götschi, Silvia"
Das Lied des Waldes,"Jahn, Klara"
Eine Frage der Chemie,"Garmus, Bonnie"
Der dunkle Himmel,"Fritz, Astrid"
Die Hebamme,"Hoem, Edvard"
Eine Liebe in Kairo,"Cheheltan, Amir Hassan"
Der Gesang der Amsel,"Olsson, Linda"
Eine andere Zeit,"Bürster, Helga"
Löwenherz,"Helfer, Monika"
Die Enkelin,"Schlink, Bernhard"
Wo die Wölfe sind,"McConaghy, Charlotte"
In ewiger Freundschaft,"Neuhaus, Nele"
Die Buchhändlerin: Die Macht der Worte,"Thorn, Ines"
Doppelgott,"Burk, Walter"
"Leselöwen 1. Klasse - Achtung, Feuerwehr im Einsatz!","Neubauer, Annette"
Lesezug - Ritter Rudi,"Sklenitzka, Franz Sales"
Lesezug - Auf die Bälle! Anpfiff! Los!,"Hörndler, Hannes"
Papa Moll - Band 034 - im Garten,"Meier, Rolf"
Globi - Band 094 - und die Ozeane,"Lendenmann, Jürg"
Globi - Band 093 - neue Abenteuer bei der Post,"Lendenmann, Jürg"
Globi - Band 095 - lustige Tiergeschichten,
Minik - Band 1- Aufbruch ins weite Meer,"Michaelis, Antonia"
Die Schule der magischen Tiere - Band 12 - Voll das,"Auer, Margit"
Die 3 Fragezeichen Kids - Der Wüstengeist,"Blanck, Ulf"
PAW Patrol: Das ultimative PAW-Patrol-Vorlesebuch,
Die kleine Hexe,"Preußler, Otfried"
Der Räuber Hotzenplotz,"Preußler, Otfried"
Meja Meergrün - so ein Nixentheater!,"Lindström, Erik Ole"
Sternenschweif - 1.Klasse - Die goldenen Feder,"Chapman, Linda"
Sternenschweif - Band 69 - Das Film-Pony,"Chapman, Linda"
Sternenschweif - Band 68 - Alpaka in Not,"Chapman, Linda"
Der letzte Feuerfalke - Band 003 - und die flüsternde,"Charman, Katrina"
TKKG Junior - Der Schatz im See,"Vogel, Kirsten"
TEAM LUPE ermittelt - Band 2 - Spurensuche um,"Wich, Henriette"
Die Amazonas-Detektive - Band 2 -Tatort Naturreservat,"Michaelis, Antonia"
Die drei ??? - Denksport mit Justus Jonas,"Schiefelbein, Nina"
1000 Gefahren - Der Schulbus der 1000 Gefahren,"Lenk, Fabian"
Krieg,"Teller, Janne"
Die drei ??? - Im Wald der Gefahren,"Marx, André"
Die drei ??? - Manuskript des Satans,"Buchna, Hendrik"
Die drei ??? - und die Teufelsklippe,"Nevis, Ben"
Die drei ??? - und die Gefängnisinsel,"Boyd, Evelyn"
Die drei !!! : Band 095 : Falle im alten Kino,"von Vogel, Maja"
Die drei !!! : Band 094 : Unheimliches Meeresleuchten,"Ambach, Jule"
Die drei !!! : Band 094 : Abenteuer-Küsse,"Erlhoff, Kari"
Alex Rider - Steel claw -Band 10,"Horowitz, Anthony"
Stinknormal ist anders,"George, Nina"
Randvoll mit Glück,"Feth, Monika"
Love and Trust : Band 02: Every Thiing we Lost,"Bright, Jennifer"
Lillys magische Schuhe - Band 05 - Der funkelnde Berg,"Luhn, Usch"
"Radio Silent - Melde dich, wenn du das hörst","Ryan, Tom"
Just for Clicks,"McDowell, Kara"
Tête-à-Tête,"Walker, Martin"
Kiss the Bodyguard - Band 03 - Kiss Me Now,"Tack, Stella"
Don't leave me - Band 3,"Kiefer, Lena"
Don't hate me - Band 2,"Kiefer, Lena"
Don't love me - Band 1,"Kiefer, Lena"
Reckless - Band 1 - Steinernes Fleisch,"Funke, Cornelia"
Reckless - Band 2 -lebendige Schatten,"Funke, Cornelia"
Die drei ??? Kids - Band 33 - Nacht im Kerker,"Blanck, Ulf"
Die drei ??? Kids - Band 20 - Die Schmugglerinsel,"Blanck, Ulf"
Die drei ??? Kids - Band 19 - Spur in die Wildnis,"Blanck, Ulf"
Das magische Baumhaus - mit Anne und Philipp bei den,"Osborne, Mary Pope"
Das magische Baumhaus - and 34 - Das verwunschene,"Osborne, Mary Pope"
Das magische Baumhaus - Band 29 - Das mächtige,"Osborne, Mary Pope"
Das magische Baumhaus - Sturmflut vor Venedig - Band,"Osborne, Mary Pope"
Das magische Baumhaus - Abenteuer in der Südsee -,"Osborne, Mary Pope"
Das magische Baumhaus - Im Tal der Löwen - Band 11,"Osborne, Mary Pope"
Das magische Baumhaus - Insel der Wikinger - Band 15,"Osborne, Mary Pope"
Das magische Baumhaus - Band 17 - Im Reich des Tigers,"Osborne, Mary Pope"
Das magische Baumhaus - Auf der Fährte der Indianer -,"Osborne, Mary Pope"
DER BÜCHERBÄR - Paul und Sina retten den Reiterhof,"Bosse, Sarah"
Bildermaus-Geschichten von der kleinen Fee,"Reider, Katja"
Kleine Lesetiger-Delfingeschichten,"Rahn, Sabine"
Kleine Lesetiger-Hexengeschichten,"Schwarz, Annelies"
Beast Quest - Band 060 - Calva - das Knochenbiest,"Blade, Adam"
"Beast Quest - Band 058 - Voltrex, das zweiköpfige","Blade, Adam"
"Beast Quest - Band 059 - Tecton, der gepanzerte Gigant","Blade, Adam"
"Beast Quest - Band 057 - Lustor, der Schlund des","Blade, Adam"
"Beast Quest - Band 056 - Shamani, der","Blade, Adam"
Delfingeschichten,"Rodik, Belinda"
Die Reise mit den Zauberponys,"Hierteis, Eva"
Geheimnisvolle Zauberreisen,"Mueller, Dagmar H."
Hier kommt Ponyfee! - Das Fohlen von der Zauberinsel,"Zoschke, Barbara"
Hier kommt Ponyfee! - Der verschwundene Feenstaub,"Zoschke, Barbara"
Hier kommt Ponyfee! Die verschwundenen Tiere,"Zoschke, Barbara"
Hier kommt Ponyfee! - Mondmädchens Geheimnis,"Zoschke, Barbara"
Hier kommt Ponyfee! - Ein Prinz auf der Roseninsel,"Zoschke, Barbara"
Hier kommt Ponyfee! Das Geheimnis am Perlensee,"Zoschke, Barbara"
Hexe Lilli - und das magische Schwert,Knister
Magischer Abenteuerspaß mit Hexe Lilli,Knister
Ein verhexter Winter,"Herzog, Annette"
Tom Sawyer,"Twain, Mark"
Pippi Langstrumpf,"Lindgren, Astrid"
Neues vom Räuber Grapsch,"Pausewang, Gudrun"
Immer dieser Michel,"Lindgren, Astrid"
Warrior Cats - 1/Band 1 - In die Wildnis,"Hunter, Erin"
Warrior Cats - 2/Band 4 - Sternenglanz,"Hunter, Erin"
Warrior Cats - 2/Band 1 - Mitternacht,"Hunter, Erin"
Warrior Cats - 2/Band 2 - Mondschein,"Hunter, Erin"
Warrior Cats - 2/Band 3 - Morgenröte,"Hunter, Erin"
Warrior Cats - 2/Band 5 - Dämmerung,"Hunter, Erin"
Warrior Cats - 3/Band 1 - Der geheime Blick,"Hunter, Erin"
Warrior Cats - Special Adventure - Feuersteins Mission,"Hunter, Erin"
Pssst! Unser Geheimnis - Ich krieg die Krise - Band 24,"Brezina, Thomas"
Pssst! Unser Geheimnis - Die Lehrer- Fernbedienung -,"Brezina, Thomas"
Pssst! Unser Geheimnis - Die verknallte Mumie,"Brezina, Thomas"
Die Zeitdetektive - Kleopatrea und der Biss der Kobra,"Lenk, Fabian"
Die Zeitdetektive - Der Schwur des Samurei,"Lenk, Fabian"
Die Zeitdetektive - Der Schatz der Wikinger,"Lenk, Fabian"
"Beste Freundin, blöde Kuh!","Schröder, Patricia"
Die Pfeffermiezen und das Liebeshandy,"Schröder, Patricia"
Die Knickerbocker Bande - Der Schatz der letzten,"Brezina, Thomas"
Die Knickerbocker Bande - Die Rache der roten Mumie,"- Brezina, Thomas"
Chili und die Stadtpiraten - Dunkle Wege,"Brezina, Thomas"
No Jungs! - Zutritt nur für Hexen,"Brezina, Thomas"
Die drei ??? - der Mann ohne Kopf,"Minninger, André"
Das Lied von Eis und Feuer - Band 4 - Die Saat des,"Martin, George R. R."
Das Lied von Eis und Feuer - Band 5 - Sturm der,"Martin, George R. R."
Das Lied von Eis und Feuer - Band 3 - Der Thron der,"Martin, George R. R."
Das Lied von Eis und Feuer - Band 2 - Das Erbe von,"Martin, George R. R."
Das Lied von Eis und Feuer - Band 6 - Die Königin der,"Martin, George R. R."
Das Lied von Eis und Feuer - Band 1 - Die Herren von,"Martin, George R. R."
"No Jungs! -Zutritt nur für Hexen - Ups, ein Hexenbaby!","Brezina, Thomas"
Fabiola - Ein Hauch von Chaos,"Rosenboom, Hilke"
Die Zeitdetektive - Gefahr am Ulmer Münster,"Lenk, Fabian"
Die Zeitdetektive - Das Feuer des Druiden,"Lenk, Fabian"
Pssst! Unser Geheimnis - Traumrolle mit Traumprinz,"Brezina, Thomas"
Die drei ??? - die geheime Treppe,"Sonnleitner, Marco"
Die drei ??? - Die Stunde des Grauens,"Marx, André"
Die drei ??? - Und die feurige Flut,"Erlhoff, Kari"
Die drei ??? - Codename: Cobra,"Sonnleitner, Marco"
Die drei ??? - Band 026 - und das Aztekenschwert,"Arden, William"
No Jungs! - Der grosse Zickenzauber - Zutritt nur für,"Brezina, Thomas"
No Jungs! - Zutritt nur für Hexen - Wie hext man einen,"Brezina, Thomas"
Sternenschweif - Band 67 - Die geheimnisvolle,"Chapman, Linda"
Milde Gaben,"Leon, Donna"
Die Toten von Fleat House,"Riley, Lucinda"
Einsame Entscheidung,"Ribeiro, Gil"
Das Grand Hotel - Die der Brandung trotzen,"Benedikt, Caren"
Globi - Band 088 - und die Tiere im Zoo,
Der Unbekannte,"Brand, Christine"
Sturmrot,"Alsterdal, Tove"
Tod in der Provence,"Lagrange, Pierre"
Blutrote Provence,"Lagrange, Pierre"
Madame le Commissaire und der verschwundene,"Martin, Pierre"
Madame le Commissaire und die späte Rache,"Martin, Pierre"
"Geschichten von Wichteln, Zwergen und","Fischer, Gisela"
Das magische Baumhaus - Band 2 - Der geheimnisvolle,"Pope Osborne, Mary"
Das magische Baumhaus - Im Tal der Dinosaurier,"Pope Osborne, Mary"
Tief in den Wäldern,"Stevens, Chevy"
Faust,"Skördeman, Gustaf"
Das tiefschwarze Herz,"Galbraith, Robert"
Was im Dunkeln liegt,"Coben, Harlan"
Die Hafenärztin - Ein Leben für die Freiheit der Frauen,"Engel, Henrike"
Fliegende Ärzte - Eine mutige Frau,"Haran, Elizabeth"
Violeta,"Allende, Isabel"
Leichenschilf,"Jansson, Anna"
Lake Paradise – Ein Zuhause für das Glück,"Inusa, Manuela"
Bretonische Nächte,"Bannalec, Jean-Luc"
Die Köchin - Lebe deinen Traum,"Durst-Benning, Petra"
Die Tote im Sturm,"Ohlsson, Kristina"
Drei Tage im August,"Stern, Anne"
Der gute Samariter,"Börjlind, Cilla"
Wand des Schweigens,"Indriason, Arnaldur"
Die Rückkehr der Kraniche,"Fölck, Romy"
Schatten im Silsersee,"Neumeyer, Christine"
Stille blutet,"Poznanski, Ursula"
Der Tote aus Zimmer 12,"Horowitz, Anthony"
Erdschwarz,"Alsterdal, Tove"
Kalt und still,"Sten, Viveca"
Zwei Leben mit dir,"Miller, Holly"
Wenn Träume Wurzeln schlagen,"Parin, Julia"
Einsame Nacht,"Link, Charlotte"
Die Lichter von Barcelona,"Cervantes, Pere"
Himmelsblüte - Band 2,"Roberts, Nora"
Das Licht in den Bäumen,"Koelle, Patricia"
Im Traum bin ich bei dir,"Sparks, Nicholas"
Die Hafenärztin - Ein Leben für das Glück der Kinder (2),"Engel, Henrike"
Was auf das Ende folgt,"Whitaker, Chris"
Sein eisiges Herz,"Brown, Sandra"
Die versteckte Apotheke,"Penner, Sarah"
Schnee,Yrsa Sigurdardottir
Fake,"Strobel, Arno"
Die Glücksbringerin,"Franke, Maia"
Fräulein vom Amt – die Nachricht des Mörders,"Blum, Charlotte"
Die Botschaft der Riesenkalmare,"Genovesi, Fabio"
Emily Seymour - Totenbeschwörung für Anfänger,"Jager, Jennifer Alice"
SpooKI : Band 1 : Den Geist aufgeben gibt's nicht!,"Rahlff, Ruth"
Dark Sigils : Was die Magie verlangt,"Benning, Anna"
Alea Aquarius - Die Wellen der Zeit - Band 8,"Stewner, Tanya"
Blush,"Cadan, Amelia"
SpooKI : Band 2 : Ins Netz gegangen,"Rahlff, Ruth"
Mein Pampa Leben : Band 2 : Eine Pfütze macht noch,"Antelmann, Silke"
Mein Pampa Leben : Band 1 : Ohne dich ist alles Dorf,"Antelmann, Silke"
Die Tierärztin von Fairbanks : Band 1,"Ross, Christopher"
Wie man alles verbockt und doch gewinnt,"Knösel, Stephan"
Der Gesang der Wasserpferde,"Müller, Karin"
2 Seelen : Band 1,"Snow, Rose"
2 Seelen - Das zweite Buch der Unsterblichkeit - Band 2,"Rose Snow, Rose"
Lucy Longfinger – einfach unfassbar!: Band 3 : Tödliche,"Habschick, Anja"
Luzies verwünschtes Wunschbuch – Morgen wird alles,"Zimmermann, Irene"
Die drei ??? und der Knochenmann,"Sonnleitner, Marco"
Die drei ??? - die Yacht des Verrats,"Nevis, Ben"
Die drei !!! : Band 98 : Influencerin in Not,"Ambach, Jule"
Die Grünen Piraten : Band 11 : Wale in Not,"Poßberg, Andrea"
Die Grünen Piraten : Band 1 : Jagd auf die Müllmafia,"Poßberg, Andrea"
Die drei !!! Rätsel der alten Eiche,"Vogel, Maja von"
Wovon die Sterne träumen,"Fargetton, Manon"
Die drei ??? und die Gesetzlosen,"Erlhoff, Kari"
Die drei !!! : Band 96 : Abenteuer Afrika,"Vogel, Kirsten"
Alva und das Rätsel der flüsternden Pflanzen,"Townsend, Yarrow"
Warrior Cats : Staffel 5 : Lange Schatten,"Hunter, Erin"
Warrior Cats : Staffel 3 : Verbannt,"Hunter, Erin"
Warrior Cats : Staffel 2 : Fluss der Finsternis,"Hunter, Erin"
Warrior Cats : Band 2 : Das Schicksal des Wolkenclans,"Hunter, Erin"
Warrior Cats : Band 3 : Blausterns Prophezeiung,"Hunter, Erin"
Warrior cats : Sonnenuntergang,"Hunter, Erin"
Papa Moll - Band 035 - reist durch die Schweiz,"Lendenmann, Jürg"
Globi - Band 094 - und die Ozeane,"Lendenmann, Jürg"
Globi - Band 074 - Alpenreise,"Schmid, Heiri"
LEGO® NINJAGO® – Stunde der Wahrheit,
LEGO® NINJAGO® – Das Gewinner-Team,
SUPERLESER! Paul im Fußballcamp,"Cox, Jenny"
Ponyhof Apfelblüte - Band 20 - Paulinas geheimer,"Young, Pippa"
Bibi & Tina - Rettung bei Nacht,"Andreas, Vincent"
Bibi & Tina - Eine Freundin für Sabrina,
Die drei! !!! - Bücherhelden 2. Klasse - Diebstahl auf dem,"Scheller, Anne"
Die drei !!! - Bücherhelden - Das Rätsel der Meerjungfrau,"Ambach, Jule"
TKKG Junior - Detektive auf Tauchstation,"Schreuder, Benjamin"
TKKG Junior - Tatort Freizeitpark,"Vogel, Kirsten"
TKKG Junior - vier Pfoten in Not,"Vogel, Kirsten"
Die drei ??? Kids - Bücherhelden - Verrücktes,"Blanck, Ulf"
Die drei ??? Kids - Band 93 - Die Geistermühle,"Pfeiffer, Boris"
Die drei ??? Kids - Band 92 - Spuk im Leuchtturm,"Blanck, Ulf"
Die drei ??? Kids - Bücherhelden 2. Klasse - Tatort,"Scheller, Anne"
SUPERLESER! MARVEL Spider-Man Superhelden und,"Saunders, Catherine"
Der kleine Drache Kokosnuss - in Australien,"Siegner, Ingo"
"Beast Quest - Band 063 - Brutus, Angriff des Grauens","Blade, Adam"
"Beast Quest - Band 064 - Flamora, Glut der Zerstörung","Blade, Adam"
Percy Jacksaon - Im Bann des Zyklopen,"Riordan, Rick"
Percy Jackson - Im Bann des Zyklopen,"Riordan, Rick"
Percy Jackson - Diebe im Olymp,"Riordan, Rick"
Verheißung,"Adler-Olsen, Jussi"
Fräulein Gold - Band 5 - Die Rote Insel,"Stern, Anne"
Papa Moll - Band 030 - und der fliegende Hund,"Meier, Rolf"
Globi - Band 078 - am Flughafen,"Schmid, Heiri"
Globi - Band 088 - und die Tiere im Zoo,"Glättli, Samuel"
Globi - Band 086 - und der Goldraub,"Glättli, Samuel"
Globi - Band 061 - im Nationalpark,"Heinzer, Peter"
Globi in Ancient China Englisch,
Globi - Band 085 - und der kleine Drache,"Lendenmann, Jürg"
Bibi Blocksberg - Band 068 - und Die Piraten,"Tiehm, Ulf"
Globi - Band 052 - bei der Feuerwehr,"Heinzer, Peter"
Die Blütenmädchen (TB),"Cebeni, Valentina"
Die Frauen am Fluss,"Webb, Katherine"
Als unsere Herzen fliegen lernten,"Grey, Iona"
Wenn ich dir nahe bin,"Gilroy, Jen"
Du erinnerst mich an morgen,"Marsh, Katie"
Die Zeit der Traubenblüte,"Moran, Jan"
Das Orchideenhaus,"Riley, Lucinda"
Die Träume der Bienen,"Koelle, Patricia"
Die Zeit der Glühwürmchen,"Koelle, Patricia"
Die Tierärztin - Band 3 - Mutige Wege,"Lark, Sarah"
Der Erstgeborene (3),"Robotham, Michael"
Mein Leben in deinem,"Moyes, Jojo"
Dunkelwald,"Mo, Johanna"
Die Perlenprinzessin - Lucky Jim (4),"Lorentz, Iny"
Der Plan,"Clark, Julie"
Träume einer neuen Zeit,"Lamballe, Marie"
Die Herzchirurgin,"Jordan, Jack"
Tödliche Schuld,"French, Nicci"
Über Menschen,"Zeh, Juli"
Der Kampf um das Licht,"Wich, Henriette"
Der kleine Drache Kokosnuss - und der schwarze Ritter,"Siegner, Ingo"
Der kleine Drache Kokosnuss - besucht den,"Siegner, Ingo"
Tierfreunde halten zusammen!,"Taube, Anna"
Polizeigeschichten,"Reider, Katja"
Neues vom Räuber Hotzenplotz,"Preußler, Otfried"
Hotzenplotz 3,"Preußler, Otfried"
Das Chalet,"Ware, Ruth"
Eine Familie in Berlin - Paulas Liebe (1),"Renk, Ulrike"
Ever since - I loved you,"Kennedy, Elle"
With all my heart,"Young, Samantha"
Die Hafenärztin - Ein Leben für das Recht auf Liebe (3),"Engel, Henrike"
Die Perlenprinzessin - Schwarze Tränen,"Lorentz, Iny"
Jungs verstehen das nicht!,"Flint, Emma"
Mein Leben ist ganz großes Kino,"Flint, Emma"
SWITCH YOU. Völlig übergeschnAPPt!,"Renger, Nikolai"
Spuk auf dem Campingplatz,"Heger, Ann-Katrin"
Alpaka-Alarm,"Sol, Mira"
Detektivinnen in Gefahr,"Vogel, Kirsten"
Die Wilden Hühner auf Klassenfahrt,"Funke, Cornelia"
Die Zukunft in meiner Hand,"Simon, Andreas Z."
Die drei ??? - Erbe des Drachen,"Marx, André"
Girl on the train,"Hawkins, Paula"
Wunder,"Palacio, Raquel J."
Wie man seinen Papa aktualisiert,"Johnson, Pete"
Entführt in Zürich,"Meier, Carlo"
Der Fluch der Medusa,"Sonnleitner, Marco"
Der Puppenmacher,"Marx, André"
Das kleine Böse Buch (5),"Myst, Magnus"
Das kleine Böse Buch - Teuflisch gut!,"Myst, Magnus"
Das (kleine) Böse Buch: Deine Zeit ist gekommen,"Myst, Magnus"
Das (kleine) Böse Buch: Jetzt noch gefährlicher!,"Myst, Magnus"
Das (kleine) Böse Buch,"Myst, Magnus"
Gregs Tagebuch - Band 017 - Voll aufgedreht!,"Kinney, Jeff"
Boy 7,"Mous, Mirjam"
"Orte, an denen ich geweint habe (wegen dir)","Bourne, Holly"
Catching feelings,"Licht, Kira"
Dunbridge Academy - Anytime - Band 003,"Sprinz, Sarah"
The Cousins,"McManus, Karen M."
The sun is also a star,"Yoon, Nicola"
Nothing more to tell,"McManus, Karen M."
You will be the death of me,"McManus, Karen M."
Lost,"McGinnis, Mindy"
Cursed Worlds … erwacht das Licht,"Fischer, Rena"
Dornen der Hoffnung,"Graßhoff, Marie"
Blühender Verrat,"Graßhoff, Marie"
"Mein Freund, das Einhorn",Tino
Sternenschweif - Band 73 -Das Einhorn aus der Steinzeit,"Chapman, Linda"
Sterneschweif - Band 74 - Hilfe für Flocke,"Kessel, Carola von"
Sternenschweif - Band 75 - Das Regenbogen-Einhorn,"Scheller, Anne"
die drei ??? Kids - Bücherhelden - Rätselhafte,"Blanck, Ulf"
die drei ??? Kids - Bücherhelden - Die Räuberjagd,"Blanck, Ulf"
Die drei ??? Kids - Band 94 - Falsche Vampire,"Blanck, Ulf"
Die drei ??? Kids - Band 95 - Geheime Zeichen,"Pfeiffer, Boris"
"Beast Quest - Band 065 - Serpio, Eis des Schreckens","Blade, Adam"
Ponyhof Apfelblüte - Band 21 - Doppeltes Glück für Juli,"Young, Pippa"
Die drei !!! - Bücherhelden - Elfenzauber,"Ambach, Jule"
Die drei !!! - Bücherhelden - Alarm in der Schule,"Ambach, Jule"
Der kleine Drache Kokosnuss - Dinosaurier,"Siegner, Ingo"
Der kleine Drache Kokosnuss - Hokuspokus!,"Siegner, Ingo"
Globi - Band 096 - bei den Yaks,"Koller, Boni"
Globi - Band 073 - beim Roten Kreuz,"Schmid, Heiri"
Globi - Band 015 - treibt Sport,"Lips, Robert"
Globi - Band 047 - im Wilden Westen,"Heinzer, Peter"
Hexe Lilli superstark,Knister
Papa Moll - Band 018 - auf Fahrradtour,
Papa Moll - Band 023 - auf Schatzsuche,"Lendenmann, Jürg"
Der kleine Seehund findet einen Freund,"Taube, Anna"
"Achtung, Feuerwehr im Einsatz!","Neubauer, Annette"
Die Olchis finden einen Schatz und andere krötige,"Dietl, Erhard"
Tiptoi - Sicher im Straßenverkehr,"Wandrey, Guido"
"Das Mädchen, das den Sturm ruft","Lackey Olson, Lindsay"
Elena - Gegen alle Hindernisse,"Neuhaus, Nele"
Elena - Sommer der Entscheidung,"Neuhaus, Nele"
Elena - Schatten über dem Turnier,"Neuhaus, Nele"
Zeiten des Umbruchs,"Bellmonte, Carmen"
Die Frauen aus der Marktgasse,"Lamballe, Marie"
Eine Million Dollar,"Meier, Carlo"
Blossom,"Cadan, Amelia"
Die wilden Hühner - Fuchsalarm,"Funke, Cornelia"
Die Wilden Hühner,"Funke, Cornelia"
Das Geheimnis der Oaktree-Farm,"Neuhaus, Nele"
"Andere Länder, andere Küsse","Ullrich, Hortense"
Sternenschimmer,"Winter, Kim"
Vision,"Alonso, Ana"
Zeiten der Sehnsucht,"Bellmonte, Carmen"
Zeiten des Wandels,"Bellmonte, Carmen"
"Wie die Saat, so die Ernte","Leon, Donna"
Der Feind,"Brand, Christine"
Atlas - Die Geschichte von Pa Salt,"Riley, Lucinda"
"Das Band, das uns hält","Haruf, Kent"
Ever since - I need you,Kennedy Elle
Madame le Commissaire und die Villa der Frauen,"Martin, Pierre"
Lajos und der Weltenbaum,"Schneeberger, Andrea"
Das Kind in den Wellen,"Bussi, Michel"
"Tiefes, dunkles Blau","Kobler, Seraina"
Nachtschein,"Kobler, Seraina"
Santo Fiore - Band 3 -,"Riepp, Antonia"
Troubadour,"Walker, Martin"
Mord im Bernina Express,"Gurt, Philipp"
Bretonischer Ruhm,"Bannalec, Jean-Luc"
Mörderfinder – Mit den Augen des Opfers,"Strobel, Arno"
Fliegende Ärzte - Aufbruch ins Outback,"Haran, Elizabeth"
Der Bruder,"Brand, Christine"
Blind,"Brand, Christine"
Mörderland (4),"Faber, Kim"
Blutland (3),"Faber, Kim"
Todland (2),"Faber, Kim"
Vermächtnis der Dunkelheit,"Roberts, Nora"
Dunkle Verbindungen,"Ribeiro, Gil"
Zeiten der Versöhnung,"Bellmonte, Carmen"
Pfoten vom Tisch!,"Kerkeling, Hape"
"Zerbrich uns, nicht","Kneidl, Laura"
"Vergiss uns, nicht","Kneidl, Laura"
6 Tote,"Bennett, Michael"
Paw Patrol - Die Fellfreunde auf Dino-Mission!,"De Lon, Nora"
Bibi Blocksberg - Das wilde Schlittenrennen,"Gürtler, Stephan"
Globi - Bans 97 - Globis neue Abenteuer im,"Lendenmann, Jürg"
Die drei ??? Kids - Band 097 - Die Fragezeichen-Falle,"Pfeiffer, Boris"
Die drei ??? Kids - Band 096 - Der Schrottkönig,"Blanck, Ulf"
1000 Gefahren Junior - Ein tierisch guter Plan,"Lenk, Fabian"
1000 Gefahren Junior - Chaos beim Korallenfest,"Lenk, Fabian"
Die drei !!! - Bücherhelden - Tatort Baumhaus,"Ambach, Jule"
Die 3 !!! - Bücherhelden - Rettet die Einhörner!,"Ambach, Jule"
Der Monsterjäger-Club – Gruselparty in der,THiLO
Die 3 ??? Kids - Feuerwehr Alarm,"Blanck, Ulf"
Bibi und Tina - Fohlen vermisst!,"Flechsig, Dorothea"
Sternenschweif - Bücherhelden - Der geheime See,"Chapman, Linda"
Petronella Apfelmus - Schneeballschlacht und,"Städing, Sabine"
1000 Gefahren Junior - Der Fluch der bösen Fee,"Lenk, Fabian"
Papa Moll - Band 36 - im Campingfieber,"Pierig, Mirjam"
Der mutigste Wikinger der Welt,"Lenk, Fabian"
Willkommen auf Ponyhof Apfelblüte,"Young, Pippa"
Eine ponystarke Freundschaft,"Giebken, Sabine"
Globine - Band 8 - und der Heissluftballon,"Glättli, Samuel"
Fünf Freunde Junior - Unser Timmy ist der Beste,"Blyton, Enid"
"Fünf Freunde Junior - Timmy, der Meisterdetektiv","Blyton, Enid"
Fünf Freunde Junior - Das Geburtstags-Abenteuer,"Blyton, Enid"
Lego Ninjago - Die Macht des Spiels,
LEGO® NINJAGO® – Die Magie der neuen Welt,
TKKG Junior - vergifteter Wald,"Haas, Christine"
TKKG Junior - Geisterspuk im Internat,"Vogel, Kirsten"
Heartstopper - Boy trifft Boy,"Oseman, Alice"
Heartstopper Volume 2,"Oseman, Alice"
Loveless,"Oseman, Alice"
Solitaire,"Oseman, Alice"
Creepy Chronicles 1 – Bloß nicht den Kopf verlieren!,"Dudli, Sergio"
"Creepy Chronicles – Vorsicht, Halsabschneider!","Dudli, Sergio"
Dragon Ninjas - Der Drache des Wassers,"Petrowitz, Michael"
Die drei ??? - Drehbuch der Täuschung,"Buchna, Hendrik"
Rocky Beach Crimes - Mord unter Palmen,"Boyd, Evelyn"
Rocky Beach Crime -Tödliche Törtchen,"Erlhoff, Kari"
Rocky Beach Crime - Eiskalter Rausch,"Boyd, Evelyn"
Die drei !!! - Sushi-Sabotage,"Sol, Mira"
Die drei !!! - Gefahr im Smart Home,"Erlhoff, Kari"
Die drei !!! - Tatort Tierarztpraxis,"Heger, Ann-Katrin"
ONE OF US IS BACK,"McManus, Karen M."
Here with me,"Young, Samantha"
Two Lives to Rise (Breaking Waves 2),"Moninger, Kristina"
One Second to Love - breaking waves,"Moninger, Kristina"
The Ruby Circle - All unsere Geheimnisse,"Hoch, Jana"
"Flowers & Bones, Band 1: Tag der Seelen (Limitierte","Grauer, Sandra"
Leselöwe - Geschichten für mutige Jungs,
Leserabe - En Fall für den t-Rex,"Klein, Martin"
Der Trip – Du hast dich frei gefühlt. Bis er dich fand.,"Strobel, Arno"
Böses Licht,"Poznanski, Ursula"
Wagner,"Skördeman, Gustaf"
Das Therapiezimmer,"Molloy, Aimee"
Feuer auf den Bergen,"Casagrande, Romina"
Das Glück im Sternbild Zebra,"Laurain, Antoine"
Fridas Köchin,"Etcheves, Florencia"
Abschied auf Italienisch,"Bonetto, Andrea"
Ihr zweiter Tod,"Brown, Sandra"
"Der Satsuma-Komplex oder Der Tag, an dem Gary zum","Mortimer, Bob"
Sankt Galler Spitzen,"DiPorreta, Luca"
Die Frauen von Capri - im blauen Meer der Tage (1),"Riepp, Antonia"
Die Uhrmacherin - Im Sturm der Zeit (1),"Dahinden, Claudia"
Die letzte Nacht,"Slaughter, Karin"
Der Sündenbock (25),"Child, Lee"
Verderben,"Smirnoff, Karin"
KRYO – Die Verheißung (1),"Ivanov, Petra"
Bruch - ein dunkler Ort,"Goldammer, Frank"
One of the Girls,"Clarke, Lucy"
Als Großmutter im Regen tanzte,"Teige, Trude"
Das leise Platzen unserer Träume,"Lohmann, Eva"
Tochter des Marschlands,"Hartman, Virginia"
Alma und Zina,"Walser, Doris"
So weit der Fluss uns trägt,"Read, Shelley"
A slow fire burning,"Hawkins, Paula"
Kommissar Jennerwein darf nicht sterben,"Maurer, Jörg"
Fräulein vom Amt - Der Tote im Kurhaus,"Blum, Charlotte"
Im Glanz der Macht,"Benedikt, Caren"
Fräulein Gold - Band 6 - Die Lichter der Stadt,"Stern, Anne"
It starts with us – Nur noch einmal und für immer,"Hoover, Colleen"
Die verlorene Tochter,"Lane, Soraya"
Das Feuer im Bootshaus,"Ohlsson, Kristina"
"Die Köchin - Alte Hoffnung, neue Wege (3)","Durst-Benning, Petra"
Heimwärts,"Morton, Kate"
Vielleicht der schönste Sommer,"Holmgren, Eleonore"
Nachts erzähle ich dir alles,"Landsteiner, Anika"
Das Licht zwischen den Schatten,"Beck, Michaela"
NACHT,Yrsa Sigurardttir
Vatermal,"Öziri, Necati"
Die spürst du nicht,"Glattauer, Daniel"
22 Bahnen,"Wahl, Caroline"
Die Formel der Hoffnung,"Cullen, Lynn"
Das Haus,"Maron, Monika"
Lighthouse Bookshop,"Gosling, Sharon"
Die Nacht der Zugvögel,"Lefteri, Christy"
Miss Bly und die Wette gegen Jules Verne,"Bast, Eva-Maria"
Yoga Town,"Speck, Daniel"
Die Löffelliste,"Imboden, Blanca"
Nebelblau,"Alsterdal, Tove"
Eine Familie in Berlin - Ursula und die Farben der,"Renk, Ulrike"
Düstergrab (6),"Fölck, Romy"
"Nur eine Lüge – Zwei Familien, eine tödliche Verbindung","Stehn, Malin"
Das Chaos eines Augenblicks,"Hunter, Becky"
Papierkinder,"Kröhn, Julia"
Unheilvolle Provence,"Lagrange, Pierre"
Das Gästezimmer,"Michallon, Clémence"
Witwenwald (2),"Jansson, Anna"
"Und wir tanzen, und wir fallen","Newman, Catherine"
Zwischen Welten,"Zeh, Juli"
Stranded - die Insel,"Goodwin, Sarah"
Für immer ein Teil von dir,"Hoover, Colleen"
Tief im Schatten,"Sten, Viveca"
Das Glück hat seine Zeit,"Adéby, Aybmi"
Nur für dein Leben,"Coben, Harlan"
Lake Paradise – Ein Ort für Träume,"Inusa, Manuela"
Das Leuchten der Blätter,"Koelle, Patricia"
Sonnenblüte - Band 3,"Roberts, Nora"
Lake Paradise – Wo Herzen sich begegnen,"Inusa, Manuela"
Apfelmädchen (1),"Martin, Tina N."
Scheintod,"Boije af Gennäs, Louise"
Feuerrache,"Boije af Gennäs, Louise"
Todesstrich,"Brand, Christine"
Rachesommer 1,"Gruber, Andreas"
Rachefrühling (4),"Gruber, Andreas"
Rachewinter,"Gruber, Andreas"
Racheherbst 2,"Gruber, Andreas"
Gregs Tageguch: -Band 005- Geht’s noch?,"Kinney, Jeff"
Mein Lotta-Leben - Band 16 - Das letzte Eichhorn,"Pantermüller, Alice"
Mein Lotta-Leben - Band 07 - und täglich grüßt der,"Pantermüller, Alice"
Mein Lotta-Leben - Band 11 - volle Kanne Koala,"Pantermüller, Alice"
Was zur Hölle?!,"Wirbeleit, Patrick"
Hexe Lilli - und der Elfenzauber,Knister
Hexe Lilli - und der magische Tierzauber,Knister
Bibi & Tina - der mysteriöse Fremde,"Gürtler, Stephan"
Petronella Apfelmus - Burggespenst und Hexensümpfe,"Städing, Sabine"
Gregs Tagebuch -Band 18- Kein Plan von nix,"Kinney, Jeff"
Die Uhrmacherin - Schicksalsstunden (2),"Dahinden, Claudia"
Escape Room Adventskalender. Die Lebkuchenspur,"Eich, Eva"
Alles vom Räuber Hotzenplotz,
Walter Däng Klax Brumm,"Krause, Selina"
There With You - Band 2,"Young, Samantha"
"King-Kong, das Fußballschwein","Boie, Kirsten"
Leselöwen 1. Klasse - Ein Detektiv für alle Fälle,"Foshag, Christina"
Jakob von Gunten,"Walser, Robert"
Die Hafenärztin - Ein Leben für die Hoffnung der,"Engel, Henrike"
Lost in Fuseta,"Ribeiro, Gil"
Der stille Vogel,"Mohlin, Peter"
Die vermisste Tochter,"Lane, Soraya"
Spur der Schatten,"Ribeiro, Gil"
Alea Aquarius - Der Gesang der Wale,"Stewner, Tanya"
Schatten; Der Pakt,"Parvela, Timo"
Die schönsten Erstlesegeschichten für clevere Jungs,
Das Magische Baumhaus junior - Gefahr für das,"Osborne, Mary Pope"
Das Magische Baumhaus junior - Das Geheimnis der,"Osborne, Mary Pope"
Das magische Baumhaus junior - suche nach dem,"Osborne, Mary Pope"
Das magische Baumhaus junior - Die rätselhafte Mumie,"Osborne, Mary Pope"
Die drei ??? Kids - Einarmige Banditen,"Blanck, Ulf"
Das Haus des Schicksals (3),"Bordoli, Ladina"
Ich geh doch nicht mit jedem mit!,"Geisler, Dagmar"
Spirit Animals - Band 007 - Der Zauber befreit,"Lu, Marie"
If this gets out,"Gonzales, Sophie"
Monster,"Neuhaus, Nele"
Mädchenfeuer,"Jansson, Anna"
Gewittermann,"Martin, Tina N."
Die Entführung,"Grisham, John"
Geiger,"Skördeman, Gustaf"
Niniago- Die Meister der dunklen Magie,"Farshtey, Greg"
Das Portal,"Parvela, Timo"
Das Haus der Wiederkehr,"Moyes, Jojo"
Eine Familie in Berlin - Ulla und die Wege der Liebe (3),"Renk, Ulrike"
The Ruby Circle - Band 2 - All unsere Lügen,"Hoch, Jana"
Never be my enemy - Band 2,"Corell, Kate"
Mondblüte (1),"Roberts, Nora"
Wunderkind,"Smirnoff, Karin"
Mein Bruder,"Smirnoff, Karin"
Azzurro mortale,"Bonetto, Andrea"
Yours truly,"Jimenez, Abby"
Kaiserwald,"Jonuleit, Anja"
Neunzehn Stufen,"Brown, Millie Bobby"
Und Großvater atmete mit den Wellen,"Teige, Trude"
Die Spiele,"Thome, Stephan"
Bruch - In eisigen Nächten,"Goldammer, Frank"
Der Ausflug - Nur einer kehrt zurück,"Kvensler, Ulf"
Tod schwarze Nacht,"Gray, Jules"
Oxen. Pilgrim,"Jensen, Jens Henrik"
Stummer Schrei (1),"Dahl, Arne"
Das kleine Haus am Sonnenhang,"Capus, Alex"
Krummes Holz,"Linhof, Julja"
Annas Lied,"Koppel, Benjamin"
Alles im Grünen oder Wie ich die Kette der,"Penzkofer, Filiz"
Der Pakt der Frauen,"Kröhn, Julia"
Die Halbwertszeit von Glück,"Pelt, Louise"
"Was geht, Annegret?","Bloom, Franka"
Vielleicht die letzte Liebe,"Moritz, Rainer"
Der heimliche Beobachter,"Unger, Lisa"
Die Uhrmacherin – Tage voller Geheimnisse (3),"Dahinden, Claudia"
Season Sisters – Frühlingsgeheimnisse,"Helford, Anna"
Zeit der Schwestern,"Huthmacher, Tanja"
Späte Ernte,"Wellemin, Nicole"
Hoffnung auf eine glückliche Zukunft,"Hauptmann, Gaby"
When in Rome,"Adams, Sarah"
Danzig - Tage des Aufbruchs Bd. 1,"Sellnick, Hilke"
Wären wir Vögel am Himmel,"Litteken, Erin"
Das Resort,"Goodwin, Sarah"
Hildur – die Spur im Fjord,"Rämö, Satu"
Mörderfinder – Stimme der Angst,"Strobel, Arno"
Nostalgia Siciliana,"Di Stefano, Patrizia"
Tödlicher Duft,"Anour, René"
KRYO – Die Versuchung,"Ivanov, Petra"
Eine Fingerkuppe Freiheit,"Zwerina, Thomas"
Die Entflammten,"Meier, Simone"
Die Zeit im Sommerlicht,"Laestadius, Ann-Helén"
Wie Inseln im Licht,"Gänsler, Franziska"
Mayfair House,"Hay, Alex"
Spur der Finsternis,"Roberts, Nora"
Spiel auf Leben und Tod,"Blum, Charlotte"
Blutsbande,"French, Nicci"
Die Burg,"Poznanski, Ursula"
Verraten,"Adler-Olsen, Jussi"
Hildur – Das Grab im Eis,"Rämö, Satu"
Die Stickerin,"Schriber, Margrit"
Blinde Tunnel,"Alsterdal, Tove"
Puppenblut (3),"Jansson, Anna"
Eine Familie in Berlin - Fine und die Zeit der Veränderung,"Renk, Ulrike"
Vermisst - Der Fall Anna,"Brand, Christine"
Bündnerfleisch,"Gurt, Philipp"
Bündner Irrlichter (1),"Gurt, Philipp"
Flowers and Bones - Kuss der Catrina,"Grauer, Sandra"
How to make friends with the dark,"Glasgow, Kathleen"
You'd be Home Now,"Glasgow, Kathleen"
"Ziemlich hohe Berge, mein Dream-Team und ich","Hoßfeld, Dagmar"
Golden Horses - Ein Seelenpferd für immer,"Brooke, Lauren"
Golden Horses - Gemeinsam dem Horizont entgegen,"Brooke, Lauren"
Golden Horses - Freundschaft im Herzen,"Brooke, Lauren"
Dark Sigils - Wie die Dunkelheit befiehlt,"Benning, Anna"
Dark Sigils – Wen das Schicksal betrügt,"Benning, Anna"
Always You,"Young, Samantha"
Three Tides to Stay,"Moninger, Kristina"
"Tauron, Hufe des Zorns","Blade, Adam"
Kiki legt los!,"Gehm, Franziska"
Die drei ??? Kids - Tatort Skater-Park - Band 84,"Blanck, Ulf"
Mein dicker fetter Zombie-Goldfisch,"O'Hara, Mo"
Professor Plumbums Bleistift - Mumien-Alarm!,"Hundertschnee, Nina"
"Hilfe, meine Lehrerin ist ein Gorilla","Haas, Meike"
Die drei !!! - Das Konfetti-Komplott -Band 82,"von Vogel, Maja"
Wo geht der Astronaut aufs Klo?,"Schmitt, Petra Maria"
Der kleine Siebenschläfer - Ein Rucksack voller,"Bohlmann, Sabine"
Ein Jahr mit Maus und Eichhorn,"Andres, Kristina"
Mein Lotta Leben - Band 20 - Immer dem Panda nach,"Pantermüller, Alice"
Mein Lotta Leben - Band 19 - Hier taucht der Papagei,"Pantermüller, Alice"
Ungeheuer lieb - Band 1,"Kaiblinger, Sonja"
Dork diaries - Nikkis perfektes erstes Date - Band 6,"Russell, Rachel Renée"
Dork diaries - Nikkis geheimes Tagebuch - Band 9,"Russell, Rachel Renée"
Das kleine Böse Buch - Spezial ! Spezial ! - Her mit deinen,"Myst, Magnus"
Das kleine Böse Buch - Monstermässig Fies - Band 6,"Myst, Magnus"
Die drei !!! - Einsatz im Kletterwald - Band 107,"Ambach, Jule"
Die drei! !!! - Rätsel der schwarzen Pferde,"Heger, Ann-Katrin"
Dork diares - Nikkis (nicht ganz so) beste Freundin - Band,"Russell, Rachel Renée"
Die drei ??? - Die Salztote,"Erlhoff, Kari"
Kiki legt los! - Die Hinterhof-Prinzessinnen,"Gehm, Franziska"
Percy Jackson - Der Kelch der Götter - Band 6,"Riordan, Rick"
Die drei ??? Kids - Football-Falle - Band 99,"Pfeiffer, Boris"
Die drei ??? Kids - Die Geisterpferde - Band 98,"Blanck, Ulf"
Die drei ??? Kids - Weltraumdetektive,"Blanck, Ulf"
"Beast Quest - Solak, Riesenhai aus der Tiefe - Band 67","Blade, Adam"
Magische Einhorngeschichten,"Hierteis, Eva"
Stadt der bösen Tiere - Die Rettung - Band 2,"Mayer, Gina"
Das Klugscheisserchen,"Kling, Marc-Uwe"
Globi im Museum,"Lips, Robert"
Rettung in den Bergen,"Hierteis, Eva"
Das geheimnisvolle Skateboard,"Petrowitz, Michael"
Leselöwen 1. Klasse - Drachenfreund gesucht!,"Stütze & Vorbach, Stütze &."
Spannende Detektivgeschichten zum mitraten,"Kiel, Anja"
Lesenacht im Klassenzimmer,"Taube, Anna"
Die drei !!! - Band 086 - Rätselhafter Raub,"Sol, Mira"
Die drei !!! - Band 085 - Ein Fall mit Herz und Huf,"Vogel, Kirsten"
Oska Pollock - Band 03 - Der Treubrüchige,"Plichota, Anne"
Oska Pollock - Band 01 - Die Unverhoffte,"Plichota, Anne"
Oska Pollock - Band 02 - Die Entschwundenen,"Plichota, Anne"
Mein Lotta-Leben - Band 16 - Das letzte Eichhorn,"Pantermüller, Alice"
Pssst! Unser Geheimnis - Klassenfahrt und Geisterkuss,"Brezina, Thomas"
Allein auf dem Meer,"Vick, Chris"
Pssst! Unser Geheimnis - Brillenschlange und,"Brezina, Thomas"
Pssst! Unser Geheimnis - Der unheimliche Verehrer,"Brezina, Thomas"
Pssst! Unser Geheimnis - Voll Verknallt!,"Brezina, Thomas"
Die drei ??? - Band 017 - und die gefährliche Erbschaft,"Arden, William"
Die drei ??? - Band 026 - und das Aztekenschwert,"Arden, William"
Die drei ??? - Band 034 - und der rote Pirat,"Arden, William"
Die drei ??? - Codename: Cobra,"Sonnleitner, Marco"
Die Knickerbocker-Bande - Band 058 - Der,"Brezina, Thomas"
Die Pfeffermiezen,"Schröder, Patricia"
"No Jungs! - Küsse, Krach, Walpurgisnacht","Brezina, Thomas"
Die Zeitdetektive - Band 5 - Geheimnis um,"Lenk, Fabian"
Die Zeitdetektive - Band 20 - Michelangelo und die,"Lenk, Fabian"
Papa Moll - Band 036 - im Campingfieber,"Pierig, Mirjam"
Globi - Band 092 - und Roger,"Koller, Boni"
Globi - Band 088 - und die Tiere im Zoo,"Glättli, Samuel"
Danzig - Zeiten des Sturms Bd. 2,"Sellnick, Hilke"
Winterglück und Nelkenduft,"Schilling, Emilia"
Ein ganzes Leben lang,"Walsh, Rosie"
The wrong girl,"Goldin, Megan"
Der Traum vom Fliegen,"Moser, Milena"
Die Liebe an miesen Tagen,"Arenz, Ewald"
Der Gesang der Wale 9.2,"Stewner, Tanya"
Die Tote im St. Moritzersee,"Gurt, Philipp"
"Große Träume, kleine Siege - Die Köchin (1)","Durst-Benning, Petra"
Die verheimlichte Tochter,"Lane, Soraya"
Bretonische Sehnsucht,"Bannalec, Jean-Luc"
Bevor du gehst,"Barns, Anne"
Das Unrecht,"Sandberg, Ellen"
Der Wind kennt meinen Namen,"Allende, Isabel"
Fliegende Ärzte - Schicksal unter roter Sonne,"Haran, Elizabeth"
Das Geheimnis der Glasmacherin,"Chevalier, Tracy"
Hildur – Der Schatten des Nordlichts,"Rämö, Satu"
Die Frau im Eishaus,"Ohlsson, Kristina"
Die Frauen jenseits des Flusses,"Hannah, Kristin"
Bevor wir uns vergessen,"Abécassis, Éliette"
Akikos stilles Glück,"Sendker, Jan-Philipp"
Pi mal Daumen,"Bronsky, Alina"
Der lange Schatten,"Fremlin, Celia"
Das Mädchen und der Verrat,"Musso, Guillaume"
Willkommen auf Tuga,"Segal, Francesca"
Nichts ruht für immer,"Coben, Harlan"
Notizen zu einer Hinrichtung,"Kukafka, Danya"
Im Unterholz,"Strömberg, Sara"
Wildhonig,"Picoult, Jodi"
Wie wir waren,"Duken, Heike"
Appenzeller Abrechnung,"Käser, Christian Johannes"
Windstärke 17 (2),"Wahl, Caroline"
Der Kojote,"Child, Lee"
Die Villa der Architektin,"Mazzucco, Melania G."
Altern,"Heidenreich, Elke"
KRYO – Die Verfehlung,"Ivanov, Petra"
Bruch - durch finstere Zeiten (3),"Goldammer, Frank"
Unsere Zeit der Wunder,"Sparks, Nicholas"
Todesspur,"Gruber, Andreas"
Traum vom besseren Leben - Die Frauen vom See,"Hauptmann, Gaby"
TKKG Junior - Band 23 - Heiße Spur im Nebelhafen,"Schreuder, Benjamin"
Das kleine Gespenst,"Preußler, Otfried"
Schleim am Bein!,"Habersack, Charlotte"
Zauberhafte Gute-Nacht-Geschichten,"Moser, Erwin"
Die Monsterschule,"Renger, Nikolai"
Hella Pfefferkessel - Band 1,"Sabbag, Britta"
Der Zauberschüler - Band 2 - Im Bann des,"Taube, Anna"
Der Zauberschüler - Band 5 - Im Kerker der Hexenburg,"Taube, Anna"
Die drei !!! - Tatort Katzen Cafe,"Heger, Ann-Katrin"
Die drei !!! - Ein Fall im Skate-Park,"Ambach, Jule"
Die Bande vom Lande - Band 1 - Aufruhr im Stall,"Luff, Nathan"
Die wilden Freunde - wo ist Oskar?,"Marx, André"
Die wilden Freunde - Abenteuer unter der Stadt,"Marx, André"
Die Bande vom Lande - Band 3 - Ein ausgefuchster Plan,"Luff, Nathan"
Mina Wirbelfee - Band 2 - und der böse Rolf,"Helm, Alexandra"
Lua Luftwurzel - Silberelfen fängt man nicht,"Minnameier, Christoph"
Die tollste Fußballmannschaft der Welt und der,"Margil, Irene"
Der letzte Feuerfalke - Band 4 - und der geheimnisvolle,"Charman, Katrina"
Der letzte Feuerfalke - Band 6 - und die dunkle Magie,"Charman, Katrina"
Der letzte Feuerfalke - Band 5 - und das Schattenland,"Charman, Katrina"
Die Bande vom Lande - Band 2 - Ein Bulle sieht rot,"Luff, Nathan"
Wildpferde - mutig und frei - Band 4 - Der,"Giebken, Sabine"
Wildpferde - Mutig und Frei - Band 1 - Lunas großes,"Giebken, Sabine"
Wildpferde - Mutig und frei -Band 3 - Flucht in die Berge,"Giebken, Sabine"
Wildpferde - mutig und frei - Band 2 - Im Tal der,"Giebken, Sabine"
LEGO® NINJAGO® – Sieg über Monster und Drachen,
LEGO® NINJAGO® – Sieg über Monster und Drachen,
Mina Wirbelfee,"Magdalena, Zoe"
Der Zauberschüler - Band 6 - Feuer über dem,"Taube, Anna"
TKKG Junior - Band 24 - Ermittlung bei voller Fahrt,"Haas, Christine"
"Dragon Girls - Naomi, der Regenbogendrache","Mara, Maddy"
"Dragon Girls - Willa, der Silberdrache - Band 2","Mara, Maddy"
"Dragon Girls - Azmina, der Golddrache - Band 1","Mara, Maddy"
"Red, der Club der Magischen Kinder - Band 2 -","Kaiblinger, Sonja"
"Red, der Club der Magischen Kinder - Band 3 - Die","Kaiblinger, Sonja"
Papa Moll - Band 37 - und das alte Hotel,"Meier, Rolf"
Globine baut eine Bibliothek,"Glättli, Samuel"
Eliot und Isabella und die Tiere am Fluss,"Siegner, Ingo"
Abwärts ins Abenteuer,"Krämer, Fee"
Klettern,"Gray, Keith"
Die 95. Minute,"Gmehling, Will"
Ein Mädchen namens Willow - Band 2 - Waldgeflüster,"Bohlmann, Sabine"
Ein Mädchen Namens Willow - Band 3 -Flügelrauschen,"Bohlmann, Sabine"
Ein Mädchen namens Willow - Band 1,"Bohlmann, Sabine"
Worst Week Ever - Band 1 - Montag,"Cosgrove, Matt"
Worst Week Ever - Band 2 - Dienstag,"Cosgrove, Matt"
Tom Gates - Band 2 - Eins-a-Ausreden (und anderes,"Pichon, Liz"
Tom Gates - Band 21 - 5 Sterne (alle für mich),"Pichon, Liz"
"Red, der Club der Magischen Kinder - Band 1 - Alles im","Kaiblinger, Sonja"
Meisterdetektiv Sherlock Bones - Band 3 - Der,"Collins, Tim"
Meisterdetektiv Sherlock Bones - Band 2 - Die verfluchte,"Collins, Tim"
Meisterdetektiv Sherlock Bone - Band 1 - die Jagd nach,"Collins, Tim"
PS: Du bist immer für mich da!,"Buchholz, Natalie"
Dork Diaries - Band 15 - Nikkis (nicht ganz so) vornehmes,"Russell, Rachel Renée"
Das kleine Böse Buch - Band 7 - Unvorstellbar schrecklich,"Myst, Magnus"
Das Böse Buch - Band 1,"Myst, Magnus"
Die drei ??? Der blutrote Kondor,"Erlhoff, Kari"
Die drei !!! Theater der Vampire,"Heger, Ann-Katrin"
Immer wieder Jane,"Bennett, Jenn"
Everything we left unsaid,"Lange, Kathrin"
Gras unter meinen Füßen,"Bradley, Kimberly Brubaker"
Farbenrauschen - Band 2,"Groh, Kyra"
Zeilenflüstern - Band 1,"Groh, Kyra"
"Zuhause ist, wohin mein Herz mich führt","Namey, Laura Taylor"
Unlock my heart - Golden Heights,"Louis, Saskia"
The Monet Family – Band 1 -Shine Bright Like a Treasure,"Marczak, Weronika Anna"
Boys of Tommen - Band 1 - Binding 13,"Walsh, Chloe"
Boys of Tommen - Band 2 - Keeping 13,"Walsh, Chloe"
Boys of Tommen Band 3 - Saving 6,"Walsh, Chloe"
Der Donnerstagsmordclub,"Osman, Richard"
Nacht in Damaskus,"Al Rayyan, Shukri"
Das Kalendermädchen,"Fitzek, Sebastian"
Die wilden Freunde -Bücherhelden -So ein Theater!,"Marx, André"
Beast quest - Torgor - Band 13,"Blade, Adam"
Gregs Tagebuch Band 19 - So ein Schlamassel,"Kinney, Jeff"
Pssst! Unser Geheimnis - Band 008 - Immer diese Eltern,"Brezina, Thomas"
The ruby circle - Band 2 - all unsere Wahrheiten,"Hoch, Jana"
Fräulein Gold - Band 7- Nacht über der Havel,"Stern, Anne"
Die drei ??? Kids Mission Maulwurf,"Blanck, Ulf"
Die drei ??? Kids- Band 18 -Mission Maulwurf,"Blanck, Ulf"
Die drei ??? Band 10- Spuk in Rocky Beach,"Blanck, Ulf"
Die drei ??? Kids - Piraten in Rocky Beach,"Blanck, Ulf"
Die drei ??? -Schräge Vögel,"Blanck, Ulf"
Die drei ??? Kids - Band 20 - Die Schmugglerinsel,"Blanck, Ulf"
Die dei ??? Kids - Band 8 - Nacht unter Wölfen,"Blanck, Ulf"
Die drei ??? Kids - Band14 -Gefahr aus dem All,"Blanck, Ulf"
Die drei ??? Kids - Band 15 - Die geheime Galaxie,"Pfeiffer, Boris"
Harry Potter und die Kammer des Schreckens (Harry,"Rowling, J.K."
Das Dorf; Verloren in der Finsternis - Band 6,"Olsberg, Karl"
Die drei ??? Kids - Tatort Wildnis,"Blanck, Ulf"
"Für die Kämpfer, für die Verrückten","Mencarelli, Daniele"
Rosa,"Bomann, Anne Cathrine"
So ist das nie passiert,"Collins, Sarah Easter"
Monsterfalle,"Leistenschneider, Ulrike"
Gruselgeschichten,"Frey, Jana"
Pinocchio,"Schröder, Patricia"
Die verborgene Tochter,"Lane, Soraya"
Season Sisters - Sommerstürme,"Helford, Anna"
Season Sisters - Herbstschatten,"Helford, Anna"
Winterhoffnung,"Helford, Anna"
Die Anatomie der Einsamkeit,"Pelt, Louise"
Die Freiheit der Puppen,"de Cesco, Federica"
Schattenschwester,"Martin, Tina N."
Die Brandung - Leichenfischer,"Kliewe, Karen"
Nacht der Ruinen,"Rademacher, Cay"
Ein ungezähmtes Tier,"Dicker, Joël"
Im Schnee,"Goerz, Tommie"
Der Club der schlechten Töchter,"Montfort, Vanessa"
Middletide – Was die Gezeiten verbergen,"Crouch, Sarah"
Giftgrab (5),"Jansson, Anna"
Alpstein,"Götschi, Silvia"
Café Alba; Zeiten in goldenem Glanz,"Lombardi, Emilia"
"Der Junge, der Rache schwor","Teige, Trude"
Café Alba,"Lombardi, Emilia"
Zeit der Schwestern - Kirschsommer (2),"Huthmacher, Tanja"
Zeit der Schwestern - Traubenfest (3),"Huthmacher, Tanja"
Die Dämmerung (Art Mayer-Serie 2),"Raabe, Marc"
Nebelstunde (4),"Mo, Johanna"
Mörderfinder - das Muster des Bösen,"Strobel, Arno"
Dämmersee,"Mo, Johanna"
Todesengel,"Gurt, Philipp"
Die Frauen von Capri - das Lied vergangener Sommer,"Riepp, Antonia"
Zwischen Ende und Anfang,"Moyes, Jojo"
Lautlose Feinde,"Ribeiro, Gil"
Wie Risse in der Erde,"Hall, Clare Leslie"
Das Tor zur Welt - Hoffnung,"Georg, Miriam"
Das Tor zur Welt - Träume (1),"Georg, Miriam"
Im Nordwind,"Georg, Miriam"
Im Nordlicht,"Georg, Miriam"
Elbleuchten,"Georg, Miriam"
Elbstürme,"Georg, Miriam"
"Frohe Ostern, Pauli","Weninger, Brigitte"
Spinnengift und Krötenschleim,"Leistenschneider, Ulrike"
Die Olchis - ein Drachenfest für Feuerstuhl,"Dietl, Erhard"
Die Olchis auf Klassenfahrt,"Dietl, Erhard"
"Süße Tage, bittere Stunden","Durst-Benning, Petra"
Sommer ohne Plan,"Swanberg, Johanna"
Madame le Commissaire und die gefährliche Begierde,"Martin, Pierre"
Sommerglück im Strandcafé,"Linfoot, Jane"
Vermisst - Der Fall Emily,"Brand, Christine"
Im Namen der Barmherzigkeit,"Lind, Hera"
Die Verlorene,"Minelli, Michèle"
Wackelkontakt,"Haas, Wolf"
Ein Mädchen namens Willow - Band 5 -Schattenzeit,"Bohlmann, Sabine"
Die Rache des Ninjas - Band 6,"Lenk, Fabian"
Die Zeitdetektive - Band 5 - Der Fluch des Orakels,"Lenk, Fabian"
Die Zeitdetektive - Band 4 - Die gefiederte Schlange,"Lenk, Fabian"
Worst Week Ever – Mittwoch,"Cosgrove, Matt"
Worst week ever! Donnerstag,"Amores, Eva"
"Dragon Grils - Mei, der Rubindrache","Mara, Maddy"
"Aisha, der Saphirdrache - Band 5","Mara, Maddy"
PS Du bist genau richtig - Band 2,"Buchholz, Natalie"
Ein Mädchen namens Willow - Band 4 - Nebeltanz,"Bohlmann, Sabine"
Mein Lotta- Leben - Band 21 - Sei kein Trottel Axolotl,"Pantermüller, Alice"
"Tom Gates - Band 22 - Ha, ha, sehr witzig!","Pichon, Liz"
Kian geht aufs Ganze!,"Rai, Bali"
Luftküsse aus Korea,"Uschmann, Oliver"
Molly und der gefiederte Dieb,"Hardy, Vashti"
Die drei ??? und der rote Büffel,"Marx, André"
Die drei ??? - Falsche Schuld,"Nevis, Ben"
Die drei !!! - Verrat im Internat,"Erlhoff, Kari"
Die drei !!! - Magie der Hexe,"Vogel, Maja von"
Rocky Beach Crimes - Gefährliche Gentlemen,"Boyd, Evelyn"
Ilvie und der weisse Wolf,Kristina Magdalena Henn
Die drei !!! - Einsatz im Heissluftballon,"Vogel, Kirsten"
Shine bright - Band 2 - little princess,"Marczak, Weronika Anna"
"The Monet Family – Band 3 - Shine Bright, Rising Princess","Marczak, Weronika Anna"
Unlock my truth - Band 2 - Golden Heights,"Louis, Saskia"
Der Angriff - Last Line of Defense,"Gruber, Andreas"
Funkenstille - Band 3 - Sweet Lemon Agency,"Groh, Kyra"
"Luisa - Schule ist toll, besonders in den Ferien!","Nilsson, Janne"
Papa Moll in der Werkstatt,"Lendenmann, Jürg"
Das Geheimnis der Schokomagie - Band 1,"Allnoch, Mareike"
Das Vermächtnis der Schokomagie - Band 2,"Allnoch, Mareike"
Gangsta-Oma schlägt wieder zu!,"Walliams, David"
Schule der Schatten - die schwimmende Festung,"Langer, Andreas"
Catacombia - Band 2 - Grimorgas Erwachen,"Ferguson, R. L."
Gangsta-Oma,"Walliams, David"
Warrior Cats - Band 6 - Sonnenaufgang,"Hunter, Erin"
Warrior Cats - Band 4 - Zeit der Dunkelheit,"Hunter, Erin"
Die schlimmsten Kinder der Welt,"Walliams, David"
Und plötzlich wr Frau Honig da,Sabine Bohlmann
3-Minuten-Vorlesegeschichten zum Kuscheln und,"Wich, Henriette"
Die Zeit detektive - Band 3 - Das Wunder von Bern,"Lenk, Fabian"
Das magische Baumhaus junior - Band 41 - Rettung für,"Osborne, Mary Pope"
T-Rex World - Band 4,"Raimund Frey, Raimund"
Das mutige Pony - Band 2,"Chapman, Linda"
Insel der Tier-Abenteuer - Band 1 - Eine geheime Spur,"Allert, Judith"
"Die drei !!!, Seehund ahoi!","Ambach, Jule"
Teufels Kicker - Alle für einen,"Nahrgang, Frauke"
Einhorn-Paradies - Band 3 - Vanillas Geheimnis,"Gerigk, Julia"
Meister Eder und sein Pumuckl,"Kaut, Ellis"
Disney Vaiana: Das Erstlesebuch zu Film 1,
Die drei? ??? Kids - Diebe im Tierpark,"Scheller, Anne"
"Schwapp, der Geheimschleim - Band 2 - Schwapplaus,","Schilp, Tina"
Der Zauberschüler - Band 1 - Fluch des Hexenmeisters,"Taube, Anna"
Yeti-Ritter-Schneegewitter - Band 1,"Habersack, Charlotte"
Der Zauberschüler - Band 3 - Im Schatten des roten,"Taube, Anna"
Einhorn Paradies - Band 1 - Willkommen in der,"Gerigk, Julia"
Globi bei der Müllabfuhr - Band 99,"Frick, Daniel"
Leselöwen - Ein Fall für die Tierretter,"Linke, Dorit"
The hike,"Clarke, Lucy"
The One - Finde dein perfektes Match,"Marrs, John"
Danzig - Jahre der Freiheit Bd. 3,"Sellnick, Hilke"
Seawalkers -Band 1- Gefährliche Gestalten,"Brandis, Katja"
Seawalkers -Band 2- Rettung für Shari,"Brandis, Katja"
Seawalkers - Band 3 -Wilde Wellen,"Brandis, Katja"
Seawalkers - Band 4 - Ein Riese des Meeres,"Brandis, Katja"
Seawalkers - Band 5 - Filmstars unter Wasser,"Brandis, Katja"
Seawalkers - Band 6 - Im Visier der Python,"Brandis, Katja"
Seawalkers - Band 6 - Im Visier der Python,"Brandis, Katja"
Die Macht der verlorenen Träume,"Durst, Sarah Beth"
Die verschwundene Tochter,"Lane, Soraya"
Bretonische Versuchungen,"Bannalec, Jean-Luc"
Der Geschmack von Freiheit,"Bordoli, Ladina"
Spätsommertod,"Ohlsson, Kristina"
Totensommer,"Teige, Trude"
Die unsichtbare Hand,"Clark, Julie"
Wir sehen uns wieder am Meer,"Teige, Trude"
Die Nacht,"Raabe, Marc"
"Das Haus, in dem das Böse wohnt (2)","Teige, Trude"
Bruch: Am Abgrund,"Goldammer, Frank"
Ein Mord im November,"Mason, Simon"
Làzàr,"Biedermann, Nelio"
Im Licht der Freiheit,"Benedikt, Caren"
Was man von hier aus sehen kann,"Leky, Mariana"
Jakobshorn,"Götschi, Silvia"
Hard land,"Wells, Benedict"
Ostwind – Ferien auf dem Hausboot - Band 22,THiLO
Ostwind - Auf großer Reise - Band 23,THiLO
Sternenschweif - die Suche nach dem Feuerdrachen -,"Leistenschneider, Ulrike"
Sternenschweif - das Zauber-Zebra - Band 3,"Kessel, Carola von"
Rauch über der Prärie - Band 5,"Giebken, Sabine"
Der Wettkampf der Monstertrucks,THiLO
Die gestohlene Geisterstunde - Band 5,"Orso, Kathrin Lena"
Birk und der Baum-Zauber,"Moser, Annette"
Geschichten von starken Helden,"Grolik, Markus"
Wundervolle Geschichten von Meermädchen - Silbe für,"Luhn, Usch"
Charlottes Traumpferd - ein unerwarteter Besucher -,"Neuhaus, Nele"
"Rosie, der Zwielichtdrache - Band 7","Mara, Maddy"
"Quinn, der Jadedrache - Band 6","Mara, Maddy"
Lego Ninjago Die Macht der Drachenmeister,"Händeler, Judith"
"Die drei? ?? Kids, Bücherhelden 2. Klasse, Geister in der","Blanck, Ulf"
Kleines Einhorn Funkelstern - Vorlesegeschichten von,"Berg, Mila"
Mumpelmoff und das Wunder am Schloss,"Starker, Bo"
Papa Moll und das Unwetter - Band 38,"Tobias, Tobias"
Globi bei der Müllabfuhr - Band 99,"Frick, Daniel"
Die drei !!! - rettet die Einhörner!,"Ambach, Jule"
Die drei!!! Schleim-Alarm!,"Heger, Ann-Katrin"
Blackspell - Band 1,"Leonora, Celine"
Happy – Wo du mich findest - Band 1,"Bach, Dagmar"
Mädchentalk & miese Diebe,"Körner, Anja"
Taming 7 - Band 5,"Walsh, Chloe"
Burnham Dynasty - Band 1,"Marinello, Julie"
Die drei!!!; Schmetterlinge in Gefahr - Band 114,"Sol, Mira"
Die drei ??? und die schwarze Rose,"Nevis, Ben"
Die drei ??? und das weiße Auge,"Sonnleitner, Marco"
Odins magisches Schwert - Band 7,"Lenk, Fabian"
Worst Week Ever – Samstag - Band 6,"Cosgrove, Matt"
Worst Week Ever - Sonntag - Band 7,"Cosgrove, Matt"
Der Skandal im Spreepalast,"Erlhoff, Kari"
Der Hinterhalt für Varus - Band 8,"Lenk, Fabian"
Das kleine böse Buch; Spoooky - Band 8,"Myst, Magnus"
Der Stern des Schicksals - Band 10,"Stewner, Tanya"
Der Zorn der dreifachen Göttin - Band 7,"Riordan, Rick"
YouTube-Chaos,LukasBS
PS Du bist die Beste - Band 1,"Buchholz, Natalie"
PS: Du bist meine Heldin - Band 3,"Buchholz, Natalie"
Der kleine Drache Kokosnuss und der Schatz im,"Siegner, Ingo"
Der kleine Drache Kokosnuss und das Geheimnis der,"Siegner, Ingo"
Der kleine Drache Kokosnuss und das Vampir-,"Siegner, Ingo"
Der kleine Drache Kokosnuss und die starken Wikinger,"Siegner, Ingo"
Der kleine Drache Kokosnuss und die Wetterhexe,"Siegner, Ingo"
Lindt & Sprüngli (Lindt & Sprüngli Saga 1),"Graf, Lisa"
"Lindt & Sprüngli; Zwei Rivalen, ein Traum","Graf, Lisa"
The Secret of Secrets,"Brown, Dan"
Wer Zwietracht sät,"George, Elizabeth"
Ein ganz besonderer Ort,"Moyes, Jojo"
Zwischen Liebe und Verrat,"Lorentz, Iny"
Die verkaufte Sängerin,"Lorentz, Iny"
Lied der Rache (3),"Lorentz, Iny"
Engadiner Teufel (3),"Gurt, Philipp"
Eisland,"Faber, Kim"
Der Nachbar,"Fitzek, Sebastian"
Hildur – Die Toten am Meer,"Rämö, Satu"
Der Puma,"Child, Lee"
Wolfstal,"Oetker, Alexander"
Rückkehr nach St. Malo,"Gestern, Hélène"
Die Verlorene,"Georg, Miriam"
Der Lehrer – Will er dir helfen oder will er deinen Tod?,"McFadden, Freida"
Der Bademeister ohne Himmel,"Pellini, Petra"
Ungebetene Gäste,"Gundar-Goshen, Ayelet"
Das Geschenk,"Schoeters, Gaea"
Woman in Cabin 10,"Ware, Ruth"
Die geschenkte Leiche,"Simon, Christoph"
Rache im Blick,"Roberts, Nora"
Outbackträume,"Haran, Elizabeth"
Welcome home,"Strobel, Arno"
Lügennebel,"Sten, Viveca"
Die Brandung – Nebelschwester,"Kliewe, Karen"
Moon Road,"Leipciger, Sarah"
Maya und Samuel,"Fischer, Franziska"
Mrs Winterbottom nimmt sich eine Auszeit,"Nell, Joanna"
"Ja, nein, vielleicht","Knecht, Doris"
No Way Home,"Boyle, T. Coraghessan"
"Wo die Moltebeeren leuchten (Die Norrland-Saga, Bd.","Lagerlöf, Ulrika"
So weit der Fluss uns trägt,"Read, Shelley"
Die Frauen der Familie Flores,"Lopes, Angélica"
Das Jahr ohne Sonne,"Bichsel, Therese"
Akikos lange Reise,"Sendker, Jan-Philipp"
Tote Seelen singen nicht,"Adler-Olsen, Jussi"
Mama & Sam,"Kuttner, Sarah"
Mein Name ist Emilia del Valle,"Allende, Isabel"
Katzentage,"Arenz, Ewald"
Appenzeller Wolfsgeheul,"Buff, Théo"
Sternenschweif - Band 073 - Das Einhorn aus der Steinzeit,"Chapman, Linda"
Nachteule,"Noll, Ingrid"
"The monet family – shine bright, little pearl - Band 4","Marczak, Weronika Anna"
Woodwalkers - Fremde Wildnis Band 4,"Brandis, Katja"
Woodwalkers-Hollys Geheimnis- Band 3,"Brandis, Katja"
Ein Hund namens Money,"Schäfer, Bodo"
Frau Honig - und das Glück der kleinen Dinge - Band 2,"Bohlmann, Sabine"
Frau Honig - wenn der Wind weht - Band 3,"Bohlmann, Sabine"
Spring in eine Pfütze! Frag dich mal,
Der letzte Feuerfalke - und das Silbermoor - Band 8,"Charman, Katrina"
Der letzte Feuerfalke - und das Wolkenland -Band 7,"Charman, Katrina"
Fünf Freunde Junior - wo steckt Cookie?,"Ahmed, Sufiya"
Fünf Freunde - Den Räubern auf der Spur,"Blyton, Enid"
Globi - im Märchenreich - Band 9,
Globine - und der Zirkus - Band 2,"Aeberli, Sibylle"
Knochenkälte,"Beckett, Simon"
Fräulein Gold - Band 8 - Der Preis der Freiheit,"Stern, Anne"
Warte mal ...,"Williams, Rachel"
Chum ine,
"The Monet Family – Band 5 - Be Strong, My Pearl","Marczak, Weronika Anna"
Gregs Tagebuch - Band 20 - Bock auf Party,"Kinney, Jeff"
Worst Week Ever – Freitag - Band 5,"Cosgrove, Matt"
Das Mädchen aus Yorkshire,"Edmonds, Lucinda"
Stonehenge - Die Kathedrale der Zeit,"Follett, Ken"
Kleine Monster,"Lind, Jessica"
Rätselhaftes Saint-Rémy,"Rademacher, Cay"
Der Morgen (Art Mayer-Serie 1),"Raabe, Marc"
Sternenschweif - Band 075 - Das Regenbogen Einhorn,"Chapman, Linda"
"The Monet Family – Rise Up, Little Diamond - Band 6","Marczak, Weronika Anna"
Das kleine Böse Buch - Band 1,"Myst, Magnus"
Four Secrets to Share - Band 4,"Moninger, Kristina"
Stromlos,"Meyer, Veronika R."
Eine andere Geschichte,"Lewinsky, Charles"
Die verlorenen Töchter Bd. 6: Die verlassene Tochter,"Lane, Soraya"
Das Glück hat acht Arme,"Van Pelt, Shelby"
Der Krabbenfischer,"Wood, Benjamin"
Views,"Kling, Marc-Uwe"
Ein romantischer Tod,"Bonetto, Andrea"
Die dunkle Seite der Schokolade,"Casparis, Dina"
Mensch töte dich nicht! (9),"Gurt, Philipp"
Strandgut,"Oetker, Alexander"
Finstere Schatten,"French, Nicci"
Der Dorfladen - Wie das Schicksal spielt,"Jacobs, Anne"
Die Blumentöchter (1),"Collins, Tessa"
Im Sturm des Lebens,"Roberts, Nora"
Der andere Arthur,"Moore, Liz"
Das Signal,"Poznanski, Ursula"
Die Gärtnerin von Venedig,"Revedin, Jana"
Bis die Bären tanzen,"Hugentobler, Michael"
Die weiße Nacht,"Stern, Anne"
Die Töpfchenhexe und die Zauberflöte,"Ruoff, Vera"
Morgen fangen wir den Weihnachtsmann,"Arold, Marliese"
Wolf und Lamm Das Geburtstagsgeschenk,"Kuipers, Ben"
Die Weihnachtsgeschichte,Bernadette
"Beppo, der Hirt","Bolliger, Max"
Das schönste Geschenk,van Bilsen Rita
Die vier Lichter des Hirten Simon,"Scheidl, Gerda Maria"
Der grosse Schnee,"Carigiet, Alois"
Schellenursli,"Carigiet, Alois"
Pauli - Frohe Ostern!,"Weninger, Brigitte"
Aurelius und der Schafsdieb,"Schindler, R"
Der Weihnachtsvogel,Bernadette
Em Hirt Simon sini vier Liechter,"Scheidl, Gerda Maria"
Ich will Wurst,"Lecher, Doris"
Pauli fröhliche Weihnachten!,"Weninger, Brigitte"
Leise rieselt der Schnee,"Hoffmann, Carola"
Her mit den Prinzen,"Janisch, Heinz"
Das allererste Weihnachtslied,"Moers, Hermann"
Beim Samichlaus im Winterwald,"Holzer, Annina"
Der Sternenbaum,"Cölle, Elisabeth"
Hühnerlulu,"Swoboda, Annette"
"Kleine Robbe, liebster Schatz","Randerath, Jeanette"
Amalia und die Ostereier,"Banfi, Maria Luisa"
Findus und der Hahn im Korb,"Nordqvist, Sven"
Ein Geschenk vom Nikolaus,"Lachner, Dorothea"
Krippenspiel mit Hund,"Boie, Kirsten"
Wie weihnachtelt man?,"Pauli, Lorenz"
Der vierte König,"Sieger, Ted"
Ein Geburtstagsfest für Lieselotte,"Steffensmeier, Alexander"
Die Olchis - Olchi-Opas krötigste Abenteuer,"Dietl, Erhard"
Zilly am Meer,"Korky, Paul"
Warten auf Heiligabend,"Vogel, Heike"
Wo holt der Nikolaus seine guten Sachen?,"Hüsler, Silvia"
Tomte Tummetott,"Lindgren, Astrid"
Die Weihnachtsgeschichte,Lukas
"Weißt du eigentlich, wie lieb ich dich habe?","McBratney, Sam"
"mutig, mutig","Pauli, Lorenz"
Gueti Fründ,"Heine, Helmut"
"Tilda Apfelkern - Schön, dass du da bist!",Schmachtl Andreas H.
"Mama, wann kommst du?","Rodik, Belinda"
Helma legt los,"Krause, Ute"
Beni und das Weihnachtslicht,"Vainio, Pinkko"
Annas Wunsch,"Hächler, Bruno"
Ein Jahr auf dem Bauernhof,"Wandrey, Guido"
"Ich mit dir, du mit mir","Pauli, Lorenz"
Lotta kommt in den Kindergarten,"Stewart, Amber"
Eine Geburtstagstorte für die Katze,"Nordqvist, Sven"
"Meins! Nein, meins!","Landa, Norbert"
Mama Muh feiert Weihnachten,"Wieslander, Jujja"
Ein Apfel für alle,"Oral, Feridun"
Wimmelhausen,"Westphal, Catharina"
"Zilly und Zingaro - Zilly, die Zauberin","Korky, Paul"
Petterson zeltet,"Nordqvist, Sven"
Käpt'n Sharky - Schiffbruch vor der einsamen Insel,"Langreuter, Jutta"
Türli & Flidari,"Steiger, Patrick"
Zu Hause ist es am Schönsten,"Emmler, Clemens"
Ich kann alles,"Janisch, Heinz"
Das grosse Bilderbuch von MICHEL aus Lönneberga,"Lindgren, Astrid"
Ritter ohne Furcht und das fürchterliche Ungeheuer,"Scholz, Gaby"
Mein Sternenpony,"Grundmann, Harriet"
Das Osterküken,"Elschner, Géraldine"
Der kleine Wassermann - Sommerfest am Mühlenweiher,"Preussler, Otfried"
Der Zauberkristall,"Marschall, Bodo"
Die Suche nach dem Weihnachtsstern,"Altermatt, Sabina"
Die weite Reise der Mauersegler,"Möller, Anne"
Mein grosses Wimmelsuchbuch,"Mitgutsch, Ali"
Folge der Spur durch den Zoo,"Wandrey, Guido"
Wie Findus zu Pettersson kam,"Nordqvist, Sven"
Ein Weihnachtsbaum für Tatzelbär,d'Allancé
Konrad Kupferhals,"Ammann, Philippe"
Elefantastisch,"Engler, Michael"
Albertli,"Manser, Albert"
Kleiner Eisbär - nimm mich mit!,de Beer Hans
"Kleiner Eisbär - Wohin fährst du, Lars?",de Beer Hans
Tigerli kommt heim,"Langenegger, Lilly"
Das wundervolle Geschenk,"Ferri, Giuliano"
Erdbeerinchen Erdbeerfee - Erdbeerzauber im Feenland,"Dahle, Stefanie"
Lieselotte sucht,"Steffensmeier, Alexander"
Die wunderbare Weihnachtsreise,"Evert, Lori"
Das grosse Lieselotte Such- und Findebuch,"Steffensmeier, Alexander"
Max im Krankenhaus,"Tielmann, Christian"
Ein Jahr mit den Störchen,"Müller, Thomas"
Man wird doch wohl Mal wütend werden dürfen,
Paddington wird Gärtner,"Bond, Michael"
Wann habe ich endlich Geburtstag,"Sperring, Mark"
Killewipps geheimes Bauernhof-Handbuch,Kennedy Anne Vittur
Gustav ganz gross,de Beer Hans
"Wo gehst du hin, Opa?","Endres, Brigitte"
Pin Kaiser und Fip Husar,"Wiesmüller, Dieter"
Das Mäusehaus,"Schaapman, Karina"
"Der Nächste, bitte!",Behrendt-Roden Ulla / Rupp
Das kleine Gespenst - Tohuwabohu auf Burg Eulenstein,"Preussler, Otfried"
Mama Muh - fährt Boot,"Wieslander, Jujja"
Bei mir zuhause,"Fritz, Johanna"
Sind wir bald da?,Van Genechten Guido
Tolle Nachbarn,"Lasserre, Hélène"
"Das kleine Gespenst, Tohuwabohu auf Burg Eulenstein","Preussler, Otfried"
Eichhorn und Vogel probieren es mal,"Schomburg, Andrea"
Die Schnecke und der Buckelwal,"Scheffler, Axel"
Zogg und die Retter der Lüfte,"Scheffler, Axel"
Kaninchen ist sooo müde,"Scheffler, Axel"
Superwurm,"Scheffler, Axel"
Kribbel Krabbel auf der Wiese,"Prasadam-Halls, Smriti"
Das Osterküken,"Elschner, Géraldine"
"Löwe, Hase, Schwein - ein Tier passt nicht rein!","Jessler, Nadine"
Zilly und Zingaro - Der böse Roboter,"Paul, Korky"
Ein Haufen Freunde ganz schön stark!,"Schoene, Kerstin"
Ein wunderbarer Weihnachtswunsch,"Evert, Lori"
Der kleine Maulwurf kann nicht schlafen,"Hart, Owen"
"Gute Nacht, Fledermaus! Guten Morgen, Eichhorn!","Meisel, Paul"
Drei sind keiner zu viel,"Canal, Eulalia"
Kräuterhexe Thymiana beim Koboldkönig,"Kauer, Jacqueline"
Friedemann,"Büchner, Sabine"
Hänschen Schwein ging allein ...,"Black, Birdie"
Was ist hier anders?,"Poitier, Anton"
Rosa Rosenherz - Im Zauberschloss der Herzenswünsche,"Dahle, Stefanie"
Kleiner Panda Pai - Ein Freund aus der Fremde,"Hula, Saskia"
Der Bodensee wimmelt,"Krehan, Tina"
Welches Tier ist anders hier?,"Penners, Bernd"
Morgens bei uns!,"Crocket Corson, Kim"
Monsta,"Zipfel, Dita"
Ein Einhorn für Greta,"Young, Amy"
Die Welt der Gorgel,"Myjer, Jochem"
Wälti wird Silvesterchlaus,"Antilli Frick, Karin"
Ich bin für dich da!,Zapf
Zilly und Zingaro - Der Rüpelritter,"Paul, Korky"
"Vom kleinen Maulwurf, der wissen wollte, wer ihm auf","Holzwarth, Werner"
"Plitsch, platsch, Entenquatsch!","Melling, David"
Mein Haus ist zu eng und zu klein,"Scheffler, Axel"
Leonard,"Erlbruch, Wolf"
Die hässlichen Fünf,"Scheffler, Axel"
Das Zauberei,"Rodriguez, Béatrice"
Der Hühnerdieb,"Rodriguez, Béatrice"
Das Hühnerglück,"Rodriguez, Béatrice"
Ein Platz nur für Lieselotte,"Steffensmeier, Alexander"
Ein Funkeln im Dunkeln,"Voigt, Marie"
Matti kann schon fast alles,"Peacock, Lou"
Kleiner Drache will der Größte sein,"Starling, Robert"
"Pettersson und Findus - Schau mal, was ich kann,","Nordqvist, Sven"
Zilly und Zingaro - Rätselhafte Monsterspuren,"Paul, Korky"
"Vom kleinen Faultier, das immer zu spät kam","Christou, Bethany"
Der Maulwurf und die Sterne,"Teckentrup, Britta"
Mein Tag & Nacht Wimmelbuch - im Zoo,"Schuld, Kerstin M."
Das große Piraten Wimmelbuch,"Mitgutsch, Ali"
Mama Muh will rutschen,"Wieslander, Jujja"
Das hier ist doch kein Dschungel,"Isern, Susanna"
Wo steckt der Drache?,"Timmers, Leo"
Ki-ke-ri-ki-hu-huuu!,"Manning, Mick"
Heinrich will brüten!,"Thumser, Anette"
Der kleine Bär und das Meer,"Percival, Tom"
Bauer Beck im Versteck,"Tielmann, Christian"
Ein Passwort für die Pippilothek,"Pauli, Lorenz"
Das NEINhorn,"Kling, Marc-Uwe"
"Leise, leise, sagt die Meise","Wessel, Kathrin"
Tut's noch weh? fragt das Reh,"Wessel, Kathrin"
Die grünen Stiefel,"Traxler, Hans Georg"
Hey Frosch!,"Gray, Kes"
Der Hund und der Hühnerdieb,"Marolles, Chantal de"
"Nein heißt Nein, sagt die Maus","Fuchs, Martin"
Die kleine Meerjungfrau und das Seepferdchen-,"Frey, Jana"
"Ich will aber nicht schlafen!, sagte der Igel","Polk, Stephanie"
Heute bin ich,"Hout, Mies van"
Lumina,"Weninger, Brigitte"
Fünf Minuten,"Scanlon, Elizabeth Garton"
Die kleine Spinne Widerlich - Besuch beim Doktor,"Amft, Diana"
Pfoten hoch!,"Valckx, Catharina"
Du schon wieder!,"John, Jory"
Komm mit ans Wasser,"Mitgutsch, Ali"
Der Grüffelo,"Scheffler, Axel"
Leopeule,"Hundertschnee, Nina"
Schneller Hase,"Kilaka, John"
Heute nicht,"Meyer, Julian"
Die Kackwurstfabrik,"Baseler, Marja"
Die kleine Hexe hat Geburtstag,"Baeten, Lieve"
Tierisch was los! Im Wald,"Lucas, Gareth"
Zilly und Zingaro - Das Spukhaus,"Paul, Korky"
Mein Wimmelbuch z'Alp,"Geser, Celine"
Zilly und Zingaro - der verzauberte Winter,"Paul, Korky"
Mama Muh braucht ein Pflaster,"Wieslander, Jujja"
Pettersson und Findus - Tiere entdecken in Wald und,"Nordqvist, Sven"
Der Sumpfkönig,"Emmett, Catherine"
Herbst-Wimmelbuch - Rotraut Susanne Berner,"Berner, Rotraut Susanne"
Viel zu viel Zeug!,"Gravett, Emily"
Die Olchis feiern Geburtstag,"Dietl, Erhard"
Valentins Wunderbaum,"Schindler, Anna"
Ich bin aber noch kein bisschen müde,"Stohner, Anu"
Wunder der Natur - das Gute-Nacht-Buch,"Williams, Rachel"
Hier wird gebaut!,"Göbel, Doro"
"Der Tag, an dem Louis gefressen wurde","Fardell, John"
Barbapapa,"Tison, Annette"
"Auf die Flügel, fertig, los!","Kissling, Sandra"
Die Eroberung der Villa Herbstgold,"Höfler, Stefanie"
Das Schaf Charlotte,"Stohner, Anu"
Böse,"Pauli, Lorenz"
Lieselotte lauert,"Steffensmeier, Alexander"
Lieselotte bleibt wach,"Steffensmeier, Alexander"
Wir warten auf Weihnachten,"Rübel, Doris"
Das Christkind ist geboren,"Goranova, Tonja"
Lieber Nikolaus wann kommst du?,"Pfister, Marcus"
Mein grosses dickes Weihnachts Wimmelbuch,
Hexe Pollonia macht das Rennen oder manchmal ist,"Diem, Angelika"
Alles echt wahr! oder rabenstarke Schwindeleien für alle,"Moost, Nele"
Die kleine Hexe geht auf Reisen,"Baeten, Lieve"
Die neugierige kleine Hexe,"Baeten, Lieve"
Die schlaue kleine Hexe,"Baeten, Lieve"
Für mich bist du der Beste!,"Diem, Angelika"
Findus und der Hahn im Korb,"Nordqvist, Sven"
Macht ja nix! Oder das kann jedem mal passieren!,"Moost, Nele"
Kleines Einhorn Funkelstern - Du kannst zaubern –,"Berg, Mila"
Die Rüpelbande,"Scheffler, Axel"
Wo Drachen wachen,"Lloyd, Susannah"
Robin und der Ritter Ich-Ich-Ich,"Krause, Ute"
Bei Wehwehchen aller Art hilft dir Doktor Ziegenbart!,"Bohlmann, Sabine"
Da liegt ein Wal in meinem Bett!,"Glitz, Angelika"
Die kleine Hummel und die Sprache der Blumen,"Seiferling, Dena"
Mein Elefant ist traurig – ein bestärkendes Buch für,"Szymanik, Melinda"
"Du, Mama ... wie weit ist die Welt?","Bohlmann, Sabine"
Zilly und Zingaro - Für immer beste Freunde,"Paul, Korky"
Pettersson und Findus - Ein Feuerwerk für den Fuchs,"Nordqvist, Sven"
Nur wir alle,"Pauli, Lorenz"
Bella Laura,"Hofstetter, Irene"
Laura,"Hofstetter, Irene"
Peppa als Meerjungfrau,"Bergmann-Bennett, Katrin"
Zilly und Zingaro - Die Krabbeltier-Safari,"Paul, Korky"
Das kleine Wildschwein und die Krähen,"Hohler, Franz"
Der Ort der lieben Dinge,"Pauli, Lorenz"
Oskar lernt schwimmen,"Berg, Esther van den"
Kleiner Wolf in weiter Welt,"Bright, Rachel"
Das schönste Ei der Welt,"Heine, Helme"
Hier in den Bergen,"Mitgutsch, Ali"
Das Schweiz Wimmelbuch,
"Nikolaus, wo bleibst du?","Hächler, Bruno"
Die kleine Weihnachtseule,"Kalish, Ellen"
Überfall aufs Samichlaushaus,"Külling, Andrea"
Zilly und Zingaro - Festival der Zauberinnen,"Paul, Korky"
Ein Hoch auf die Freundschaft!,"Shan, Milla"
Der Oktopus haut ab,"Meloy, Maile"
Die Streithörnchen,"Bright, Rachel"
Jessi - die Raubhäsin,"Lüftner, Kai"
Der Purzelsaurus,"Bright, Rachel"
Jimmy Kater - Bestimmer auf dem Bauernhof,"Kaiser, Jan"
Der Brüller oder: Wie dem Löwenkönig das Brüllen,"Semken, Yvonne"
"Tief, tief, tief unten im Meer","Lebrun, Maxime"
Du gehörst nicht [durchgestrichen] dazu!,"Szillat, Antje"
Prinzessin Trülilü auf der Suche nach der Zauberblume,"Kauer, Jacqueline"
Ich bin Nele - Nele geht zum Zahnarzt,"Luhn, Usch"
"Flöckli, das Geisslein","Langenegger, Lilly"
Bläss und Zita,"Langenegger, Lilly"
Im Zoo wird nicht geflunkert!,"Schoenwald, Sophie"
Mein Wimmel-Labyrinth - Wir gehören zusammen!,"Wright, Louise"
OTTO fährt los – Ein Sommer in Italien,"Ottenschläger, Madlen"
Das Glück in dir,"Yamada, Kobi"
Drei Wünsche für den Hasen,"Saunders, Chris"
Heidi,"Alves, Katja"
Das Dings-Dibum-Ding,"Doherty, Kathleen"
Kleines Einhorn Funkelstern - Mit dir werden Wünsche,"Berg, Mila"
"Panther, Panther, sei entspannter","Sabbag, Britta"
"101 Monster und alles, was du über sie wissen musst!","Helm, Alexandra"
"Der Wal, der immer mehr wollte","Bright, Rachel"
Gecko und das Glück des Gebens,"Bright, Rachel"
Kleine Pandas großes Versprechen,"Bright, Rachel"
Warum wir weinen,"Pintadera, Fran"
"Tups, der kleine Triceratops","Bedia, Elizabeth Gilbert"
Wilde Babys,"Bunting, Philip"
Globis magisches Buch,
Wälti wird Silvesterchlaus,"Ferrari, Esther"
Können Pinguine fliegen?,"Daynes, Katie"
Arielle die Meerjungfrau,
Erstes Aufklappen und Verstehen - wie sprechen Tiere?,"Pym, Christine"
"Erstes Aufklappen und Verstehen - wie höre, sehe,","Pym, Christine"
Pettersson und Findus - mein erstes Uhrenbuch,"Nordqvist, Sven"
"Wer zuerst gähnt, hat verloren! - Eine","Schütze, Andrea"
Lieselotte im Regen,"Steffensmeier, Alexander"
Der Blätterdieb,"Hemming, Alice"
Post für dich,"Schoenwald, Sophie"
Traktor Wimmelbuch,"Walther, Max"
"Der Igel, der wissen wollte, wie viele Stacheln er hat","Herzog, Moritz"
Weihnachtsbriefe von Felix,"Langen, Annette"
Zilly und Zingaro; Das Sportfest der Zauberinnen,"Korky, Paul"
"Theo Traktor; Kleine Reifen, große Träume","Engler, Michael"
Der kleine Igel und das besondere,"Butler, M. Christina"
Spuren in Schnee,
Tores Traktorschule,"Andrén, Emelie"
Ein neues Haus für Charlie,"Lecher, Doris"
Der kleine Ritter,"Römer, Daniela"
Zum Gefurztag viel Glück,"Fuchs, Martin"
Der kleine Wal und der schönste Ort der Welt,"Haferkamp, Kai"
Betreten der Baustelle verboten,"Pauli, Lorenz"
Lizzy Langbein,"Lüftner, Kai"
Yuna und die Sache mit dem Mögen,"Mönch, Rebecca"
Mein Weihnachtswunsch für dich,"Morpurgo, Michael"
Die drei Räuber,"Ungerer, Tomi"
Monstersee,"Timmers, Leo"
Bär mag es Bunt!,
Das Krawall-Kehlchen,"Ottenschläger, Madlen"
Hat hier wer gelacht?,"Hegarty, Sean"
Bahn frei für Schnecke!,"Tabor, Corey R."
Der kleine Gärtner,"Steil, Friederike"
Der Regenbogenfisch,"Pfister, Marcus"
Stimmt das?,"Schindler, Anna"
Der wilde Räuber Donnerpups - Freitag der Dreizehnte,Walko
Der wilde Räuber Donnerpups - Die Räuberprüfung,Walko
Am Schwingfest,"Stalder, Vida"
Edda traut sich,"Thielen, Johannes"
GRRRIZZLY,"Le Goff, Hervé"
Otto fährt los - Weihnachten in Finnland,"Reich, Stefanie"
Weck den Weihnachtsmann,"Schwelgin, Anka"
"Wenn du Sorgen hast, rolle einen Schneeball","Kim, Sang-gn"
Das große Buch von Metti Meerschwein,"Ottenschläger, Madlen"
Geh deinen Weg Schildkröte,"Bright, Rachel"
"Ronny, das Pony, (Bd. 2)","Rauers, Wiebke"
Der Maulwurf sucht das Meer,"Kim, Sang-keun"
Mumin und der erste Schnee,"Lawall, Christiane"
Die unglaubliche Geschichte von der Riesenbirne (oder,"Strid, Jakob Martin"
Zilly und Zingaro - die verrückte Nacht,"Paul, Korky"
Barry,"Cratzius, Barbara"
Im Tal der Mammuts,"Groenink, Chuck"
Flapp lernt fliegen,"Fraser, Lu"
Farben-Buch,"Tullet, Hervé"
Mitmach-Buch,"Tullet, Hervé"
Spirou + Fantasio - Band 027 - Nichts als Bohnen,Fournier
Thorgal - Band 004 - Die Greise von Aran,Rosinski - Van Hamme
Cubitus - Band 016 - Die Fälle des Inspektor Cubitus,Dupa
Gaston - Band 019,Franquin
yoko tsuno - Band 019 - Rheingold,"Leloup, Roger"
Thorgal - Band 010 - Das Land Qâ,Rosinski - Van Hamme
Spirou + Fantasio - Band 020 - Zauberei in der Abtei,Fournier
Der kleine Spirou - Band 006 - Das macht doch nichts,Tome u. Janry
Benni Bärenstark - Band 008 - Bennis grosser Auftritt,Peyo
Percy Pickwick - Band 015 - Der McGregor-Clan,Bédu
Thorgal - Band 009 - Das Volk der Pfeile,Rosinski - Van Hamme
Johann und Pfiffikus - Band 012 - Die Nacht der Zauberer,Peyo
Franka - Band 001 - Das Kriminalmuseum,"Kuijpers, Henk"
Spirou + Fantasio - Band 022 - Im Reich der roten,Franquin
Gaston - Band 010,Franquin
Yakari - Band 007 - und der Fremde,Derib u. Job
Thorgal - Band 007 - Der Fall von Brek Zrith,Rosinski - Van Hamme
Thorgal - Band 008 - Die Macht der Träume,Rosinski - Van Hamme
yoko tsuno - Band 011 - Die Zeitspirale,"Leloup, Roger"
Gaston - Band 011,Franquin
Boule & Bill - Band 007 - Zaungäste,"Roba, Verron"
Wie Basel zur Schweiz kam ...,"Pini, E"
Lucky Luke - Band 057 - Der Kaiser von Amerika,Morris
Der kleine Spirou - Band 009 - Das ist nichts für dich,Tome u. Janry
Spirou + Fantasio - Band 037 - Abenteuer in New York,Tome u. Janry
"Im Land, das die Zukunft erfand",Zumstein
Spirou + Fantasio - Band 014 - Im Banne des Z,Franquin
yoko tsuno - Band 023 - Die Pagode der Nebel,"Leloup, Roger"
Rantanplan - Band 010 - Die Schöne und die Bestie,Morris
Yakari - Band 017 - Das Monster im See,Derib u. Job
Thorgal - Band 022 - Im Land der Riesen,Rosinski - Van Hamme
Thorgal - Band 020 - Die Verbannten,Rosinski - Van Hamme
Yakari - Band 009 - und die Elche,Derib u. Job
Yakari - Band 010 - bei den Bären,Derib u. Job
Die Abenteuer von Blake und Mortimer - Band 010 - Der,van Hamme / Benoit
Jonas Fink - Band 003 - Verdachtsmomente,Giardino
Jonas Fink - Band 002 - Lehrjahre,Giardino
Rantanplan - Band 001 - Das Maskottchen,Morris
Thorgal - Band 023 - Der Käfig,Rosinski - Van Hamme
Rantanplan - Band 009 - Die grosse Reise,Morris
Die Abenteuer von Blake und Mortimer - Band 001 - Das,"Jacobs, Edgar P."
Spirou + Fantasio - Band 009 - Goldminen und Gorillas,Franquin
Gaston - Band 006,Franquin
Thorgal - Band 001 - Der Sohn der Sterne,Rosinski - Van Hamme
Der kleine Spirou - Band 009 - Das ist nichts für dich,Tome u. Janry
Spirou + Fantasio - Band 030 - Der Lärmschlucker,Nic
yoko tsuno - Band 007 - Zwischen Leben und Tod,"Leloup, Roger"
Die Abenteuer von Blake und Mortimer - Band 012 -,van Hamme / Benoit
Die Abenteuer von Blake und Mortimer - Band 006 - Die,"Jacobs, Edgar P."
Spirou + Fantasio - Band 039 - Das Tal der Verbannten,Tome u. Janry
yoko tsuno - Band 002 - Die Orgel des Teufels,"Leloup, Roger"
Thorgal - Band 013 - Tödliche Sonne,Rosinski - Van Hamme
Thorgal - Band 012 - Die verbotene Stadt,Rosinski - Van Hamme
Thorgal - Band 011 - Die Augen des Tanatloc,Rosinski - Van Hamme
Franka - Band 002 - Das Meisterwerk,"Kuijpers, Henk"
Percy Pickwick - Band 018 - Die teuflischen Zwerge,Greg
Spirou + Fantasio - Band 034 - Die Ruck-Zuck-,Tome u. Janry
Spirou + Fantasio - Band 029 - Die Büchse der Pandora,Nic
Thorgal - Band 015 - Der Ring des Phaios,Rosinski - Van Hamme
Percy Pickwick - Band 019 - Jade,Rodrigue / Groot De
"Spirou + Fantasio - Band 043 - Mafia, Mädchen und",Tome u. Janry
Franka - Band 003 - Das Geisterschiff,"Kuijpers, Henk"
yoko tsuno - Band 005 - Flug in die Vergangenheit,"Leloup, Roger"
Gaston - Band 015,Franquin
Spirou + Fantasio - Band 042 - Ein Dorf sieht schwarz,Tome u. Janry
Spirou + Fantasio - Band 040 - Abenteuer in Moskau,Tome u. Janry
Jonas Valentin - Band 001 - Der Traum des Wals,"Bom, Frank"
yoko tsuno - Band 012 - Spuk in Schottland,"Leloup, Roger"
Spirou + Fantasio - Band 000 - Am anderen Ende Angst,Franquin
Donald - Band 024,"Barks, Carl"
Yakari - Band 026 - und Langohr,Derib u. Job
Donald - Band 012,"Barks, Carl"
Johann und Pfiffikus - Band 005 - Der Zauber von,Peyo
Spirou + Fantasio - Band 021 - Tora Torapa,Fournier
Die Katze des Rabbiners - Band 001 - Die Bar-Mizwa,"Sfar, Joann"
"Die Katze des Rabbiners - Band 002 - Malka, der Herr der","Sfar, Joann"
Die Katze des Rabbiners - Band 003 - Exodus,"Sfar, Joann"
Lucky Luke - Band 062 - Western Circus,Morris
Yakari - Band 025 - Das Geheimnis der Felswand,Derib u. Job
Percy Pickwick - Band 012 - Der grosse Wilkinson,Turk & de Groot
yoko tsuno - Band 020 - Der Astrologe von Brügge,"Leloup, Roger"
Franka - Band 004 - Die Rache des Frachters,"Kuijpers, Henk"
Thorgal - Band 016 - Lupine,Rosinski - Van Hamme
Yakari - Band 015 - Der Fluss des Vergessens,Derib u. Job
Tim und Struppi - Band 022 - Tim und die Picaros,Hergé
Percy Pickwick - Band 014 - Die Spur der Spinne,Bédu
Spirou + Fantasio - Band 045 - Flut über Paris,"Morvan, Munuera"
Johann und Pfiffikus - Band 001 - Die Schlümpfe und die,Peyo
Thorgal - Band 018 - Das Sonnenschwert,Rosinski - Van Hamme
yoko tsuno - Band 017 - Die Rache der Dämonen,"Leloup, Roger"
Spirou + Fantasio - Band 017 - Schnuller und,Franquin
Lucky Luke - Band 078 - Die Reisschlacht,Morris
yoko tsuno - Band 010 - Der vergessene Planet,"Leloup, Roger"
Thorgal - Band 006 - Jenseits der Schatten,Rosinski - Van Hamme
Thorgal - Band 024 - Arachnea,Rosinski - Van Hamme
Spirou + Fantasio - Band 016 - Qrn ruft Bretzelburg,Franquin
yoko tsuno - Band 014 - Wotans Feuer,"Leloup, Roger"
Thorgal - Band 019 - Die unsichtbare Festung,Rosinski - Van Hamme
Asterix - Band 019 - Der Seher,"Goscinny, Uderzo"
Boule & Bill - Band 029 - So ein Zirkus!,"Roba, Verron"
Johann und Pfiffikus - Band 004 - Der Stein der Weisen,Peyo
"Violetta - Band 001 - Ich sehe was, was du nicht siehst","Tarrin, Fabrice"
Pitt Pistol - Band 001 - Der unglaubliche Korsar,"Goscinny, Uderzo"
Percy Pickwick - Band 006 - Die Reportage,Bédu
Franka - Band 018 - Kidnap,"Kuijpers, Henk"
Boule & Bill - Band 001,Roba
Daniel Düsentrieb - Band 002,"Barks, Carl"
Donald - Band 037,"Barks, Carl"
Benni Bärenstark - Band 001 - Die roten Taxis,Peyo
Percy Pickwick - Band 007 - Sieg über die Angst,Turk & de Groot
Thorgal - Band 027 - Der Barbar,Rosinski - Van Hamme
Cotton Kid - Band 001 - Im Namen von Pinkerton,Pearce
Thorgal - Band 025 - Der blaue Tod,Rosinski - Van Hamme
Gaston - Band 007,Franquin
Johann und Pfiffikus - Band 013 - Die Wüstenrose,Peyo
Boule & Bill - Band 031 - Volle Kanne,"Roba, Verron"
Benni Bärenstark - Band 004 - Abenteuer mit Onkel,Peyo
"Pittje Pit - Band 001 - Hackepeter, der Schrecken der 7","Ryssack, Eddy"
Pittje Pit - Band 002 - Der Schatz der grünen Monster,"Ryssack, Eddy"
Franka - Band 006 - Circus Santekraam,"Kuijpers, Henk"
Asterix - Band 033 - Gallien in Gefahr,"Goscinny, Uderzo"
Jonas Valentin - Band 002 - Die Hüter des Lichts,"Bom, Frank"
Spirou + Fantasio - Band 028 - Die Eiszeitmaschine,Nic
Boule & Bill - Band 030 - Bills Bande,"Roba, Verron"
Tim und Struppi - Band 020 - Die Juwelwn der Sängerin,Hergé
Cotton Kid - Band 002 - Radau am Mississippi,Pearce
Donald - Band 037,"Barks, Carl"
Daisy Duck - Band 002,"Barks, Carl"
Gaston - Band 002,Franquin
Daniel Düsentrieb - Band 002,"Barks, Carl"
Donald - Band 018,"Barks, Carl"
Boule & Bill - Band 028 - Die vier Jahreszeiten,Roba
Tim und Struppi - Band 001 - Tim im Kongo,Hergé
Thorgal - Band 028 - Alte Feindin,Rosinski - Van Hamme
Die Abenteuer der Minimenschen - Band 028 - Die,Seron
Tim und Struppi - Band 016 - Flug 714 nach Sydney,Hergé
Yakari - Band 029 - Der Riese erwacht,Derib u. Job
Thorgal - Band 029 - Das Opfer,Rosinski - Van Hamme
Percy Pickwick - Band 002 - Ein Ende mit Schrecken,Turk & de Groot
Cubitus - Band 019 - Debakel ohne Makel,Dupa
Gaston - Band 005,Franquin
Gaston - Band 013,Franquin
Boule & Bill - Band 002,Roba
Boule & Bill - Band 004,Roba
Boule & Bill - Band 003,Roba
Die Abenteuer der Minimenschen - Band 025 - Renauld,Seron
Violetta - Band 003 - Die Eisenkralle,"Tarrin, Fabrice"
Franka - Band 020 - Die weisse Göttin,"Kuijpers, Henk"
Cubitus - Band 021 - Katzenmusik,Dupa
Lucky Luke - Band 085 - Westwärts,Morris
Percy Pickwick - Band 017 - Der Kuss der Kobra,Bédu
Die Abenteuer von Blake und Mortimer - Band 009 -,"Jacobs, Edgar P."
Yakari - Band 005 - und der Grizzly,Derib u. Job
Yakari - Band 008 - Im Land der Wölfe,Derib u. Job
Yakari - Band 006 - Das Geheimnis des kleinen Donners,Derib u. Job
Yakari - Band 026 - Die Rache des Carcajou,Derib u. Job
"Baby Blues - Band 008 - Oje, es sieht mir ähnlich","Kirkman, Rick"
Baby Blues - Band 002 - Nächte des Grauens,"Kirkman, Rick"
Herr Mäder - Band 1,"Stahlberger, Manuel"
Asterix - Band 010 - als Legionär,"Goscinny, Uderzo"
titeuf - Band 009 - Tanja heiratet,Zep
titeuf - Band 001 - Ganz schön spannend...,Zep
titeuf - Band 005 - Zum Totlachen,Zep
titeuf - Band 004 - Faszinierend,Zep
Franka - Band 019 - Das Schwert von Iskander,"Kuijpers, Henk"
Franka - Band 008 - Im Reich des Donnerdrachens,"Kuijpers, Henk"
Asterix - Band 026 - Die Odysse,"Goscinny, Uderzo"
Asterix - Band 006 - Tour de France,"Goscinny, Uderzo"
Baby Blues - Band 011 - Sie sind sooooo süss,"Kirkman, Rick"
Spirou + Fantasio - Band 050 - Die dunkle Seite des Z,"Vehlmann, Yoann"
Lucky Luke - Band 038 - Jesse James,Morris
titeuf - Band 007 - Fass mich an den Füssen,Zep
titeuf - Band 002 - Gar nicht übel...,Zep
Asterix - Band 000 - Wie Obelix als kleines Kind in den,"Goscinny, Uderzo"
"titeuf - Band 000 - Gott, Sex und Hosenträger",Zep
Der Richter und sein Henker,"Dürrenmatt, Friedrich"
Yakari - Band 003 - bei den Bibern,Derib u. Job
Yakari - Band 036 - Die Echse im Dunkeln,Derib u. Job
titeuf - Band 003 - Wie ungerecht...,Zep
titeuf - Band 006 - Das Wunder des Lebens,Zep
titeuf - Band 008 - Das Gesetz des Schulhof,Zep
Lucky Luke - Band 089 - Lucky Kid,Achdé
Gaston - Band 018,Franquin
Tim und Struppi - Band 002 - Tim in Amerika,Hergé
Tim und Struppi - Band 018 - Kohle an Bord,Hergé
Baby Blues - Band 012 - Die natürliche Unordnung,"Kirkman, Rick"
Baby Blues - Band 013 - Unser Server ist down,"Kirkman, Rick"
Percy Pickwick - Band 013 - Der falsche Lord,Turk & de Groot
Spirou + Fantasio - Band 049 - Angriff der Zyklozonks,"Vehlmann, Yoann"
Thorgal - Band 032 - Die Schlacht von Asgard,Rosinski - Van Hamme
Thorgal - Band 033 - Schwertboot,Rosinski - Van Hamme
Disney - Der König der Löwen,"Disney, Walt"
Disney - 101 Dalmatiner,"Disney, Walt"
Disney - Bambi,"Disney, Walt"
Disney - Aladdin,"Disney, Walt"
Disney - Schneewittchen und die sieben Zwerge,"Disney, Walt"
Disney - Susi und Strolch,"Disney, Walt"
Disney - Cinderella,"Disney, Walt"
Disney - Das Dschungelbuch,"Disney, Walt"
Uli Stein - Das neue Tierleben,"Stein, Uli"
Zits - Trau keinem über 20!,Scott Jerry / Borgman Jim
Yakari - Band 004 - und Nanaboso,Derib
titeuf - Das Buch zum Film,Zep
Tim und Struppi - Band 016 - Schritte auf dem Mond,Hergé
Tim und Struppi - Band 009 - Der geheimnisvolle Stern,Hergé
Asterix - Band 014 - in Spanien,"Goscinny, Uderzo"
Asterix - Band 030 -Obelix auf Kreuzfahrt,"Goscinny, Uderzo"
Der kleine Spirou - Band 016 - Ganz schön aufgeblasen!,Tome u. Janry
Anne Frank - Das Leben von Anne Frank - Eine grafische,Jacobson Sid / Colón Ernie
Beste Bilder 2 - Die Cartoons des Jahres,Lappan
Yakari - Band 002 - und der weisse Bison,Derib u. Job
Benni Bärenstark - Band 012 - Schokolade &,Peyo
Tim und Struppi - Band 011 - Der Schatz Rackhams des,Hergé
"Tim und Struppi - Band 010 - Das Geheimnis der ""Einhorn""",Hergé
Asterix - Band 035 - bei den Pikten,"Conrad, Didier / Ferri, Jean-Yves"
Lucky Luke - Band 035 - Sarah Bernhardt,Morris
Spirou + Fantasio - Band 051 - In den Fängen der Viper,"Vehlmann, Yoann"
Cotton Kid - Band 006 - Der schwarze Kojote,Pearce
Der kleine Spirou - Band 014 - Geschieht Dir ganz recht!,Tome u. Janry
titeuf - Band 012 - Bis zum Wahnsinn,Zep
Spiderman - Band 001 - Die Klonsaga,DeFalco
Superman - Band 001 - Der Mann aus Stahl!,"Mike, Terry"
Die Schlümpfe - Band 031 - in Pilulit,Peyo
Asterix - Band 003 - als Gladiator,"Goscinny, Uderzo"
Lucky Luke - Band 091 - Ein starker Wurf,Achdé
Yakari - Band 001 - und grosser Adler,Derib u. Job
Die Schwarzen Brüder,"Binder, Hannes"
Elender Krieg 1914 - 1919,"Tardi, Jacques"
titeuf - Die besten Gags,Zep
Die Schlümpfe - Band 032 - und der verliebte Zauberer,Peyo
Yakari - Band 038 - und der Mörder des Meeres,Derib u. Job
Lucky Luke - Band 048 - Die Verlobte von Lucky Luke,Morris
Tim und Struppi - Band 013 - Der Sonnentempel,Hergé
Tim und Struppi - Band 023 - Tim und der Haifischsee,Hergé
Asterix - Band 024 - bei den Belgiern,"Goscinny, Uderzo"
Asterix - Band 027 - Der Sohn des Asterix,"Goscinny, Uderzo"
Orphan Train - Band 001 - Jim,"Charlot, Philippe"
Orphan Train - Band 002 - Harvey,"Charlot, Philippe"
Thorgal - Band 034 - Kah-Aniel,Rosinski - Van Hamme
Spirou + Fantasio - Band 052 - Der Page der Sniper Alley,"Vehlmann, Yoann"
Der kleine Spirou - Band 011 - Du wirst nie erwachsen!,Tome u. Janry
Asterix - Band 017 - Die Trabantenstadt,"Goscinny, Uderzo"
"Lucky Luke - Band 093 - Mein Onkel, die Daltons",Achdé
Die Schlümpfe - Band 028 - Schlumpfine greift ein,Peyo
Benni Bärenstark - Band 006 - Lady Alberta,Peyo
Yakari - Band 019 - Der Feuerwall,Derib u. Job
Yakari - Band 037 - Der Sternenesser,Derib u. Job
Orphan Train - Band 003 - Lisa,"Charlot, Philippe"
Der kleine Spirou - Band 007 - Frag doch Deinen Papa,Tome u. Janry
Spirou + Fantasio - Band 003 - reisen um die ganze Welt,Franquin
Tim und Struppi - Band 007 - König Ottokars Zepter,Hergé
Tim und Struppi - Band 003 - Die Zigarren des Pharaos,Hergé
Yakari - Band 011 - bei den Schneeziegen,Derib u. Job
Die Schlümpfe - Band 011 - Die Schlumpf-Olympiade,Peyo
Benni Bärenstark - Band 003 - Bennis zwölf grosse Taten,Peyo
Benni Bärenstark - Band 014 - Auf den Spuren des,Peyo
Jommeke - Band 001 - Der Schildkrötenschatz,"Nys, Jef"
Jommeke - Band 002 - Das Jampuddinggespenst,"Nys, Jef"
Asterix - Band 036 - Der Papyrus des Cäsar,"Conrad, Didier / Ferri, Jean-Yves"
Lucky Luke - Band 015 - Die Postkutsche,Morris
Orphan Train - Band 004 - Joey,"Charlot, Philippe"
titeuf - Band 008 - Das Gesetz des Schulhofs,Zep
titeuf - Band 003 - Wie ungerecht…,Zep
titeuf - Band 010 - Meine besten Kumpels,Zep
titeuf - Band 011 - Der Sinn des Lebens,Zep
Steve Jobs - Das wahnsinnig geniale Leben des iPhone-,"Hartland, Jessie"
Marsupilami - Band 001 - Tumult in Palumbien,Franquin
Marsupilami - Band 000 - Jagd auf das Marsupilami,"Franquin, Batem & Greg"
Asterix - Band 029 - und Maestria,"Goscinny, Uderzo"
Yakari - Band 030 - Der Schlafwandler,Derib u. Job
Pippi Langstrumpf - Der Comic,"Nyman, Ingrid Vang"
Donald - Band 036,"Barks, Carl"
Die Schlümpfe - Band 024 - Schlumpfsalat,Peyo
Tim und Struppi - Band 005 - Der Arumbaya-Fetisch,Hergé
Tim und Struppi - Band 014 - Im Reich des schwarzen,Hergé
Lucky Luke - Band 092 - Ein Menü mit blauen Bohnen,Morris
Lucky Luke - Band 094 - Martha Pfahl,Achdé
Star Wars - Band 013 - Rebellion,"Wilson, Colin"
titeuf - Band 013 - Willkommen in der Pupertät,Zep
Lucky Luke - Band 043 - Der Kopfgeldjäger,Morris
Lucky Luke - Band 063 - Gedächnisschwund,Morris
Marsupilami - Band 004 - Biba,"Franquin, Batem & Colman"
Spirou + Fantasio - Band SPEZ - Spirou und der Roboter -,Franquin
Ein Frühling in Tschernobyl,"Lepage, Emmanuel"
Yakari - Band 028 - Die sprechende Eiche,Derib u. Job
Tim und Struppi - Band 006 - Die schwarze Insel,Hergé
Die Schlümpfe - Band 034 - und der Flaschengeist,Peyo
Die Häschenbande - Band 001 - Peppinos Geburtstag,"Jouannigot, Loïc"
Lucky Luke - Band 081 - Die Gesetzlosen,Morris
Marsupilami - Band 006 - Red Monster,"Batem,"
Marsupilami - Band 002 - Die Robinson-Akademie,"Franquin,"
Die Schlümpfe - Band 001 - Blauschlümpfe und,"Delporte, Yvan"
Lucky Luke - Band 095 - Das gelobte Land,Achdé
Yakari - Band 020 - Der Winterteufel,"Derib,"
Asterix - Band 037 - In Italien,"Ferri, Jean-Yves"
Petzi - Band 009 - als Bauer,"Hansen, Carla"
Petzi - Band 007 - am Nordpol,"Hansen, Carla"
Jommeke - Band 004 - Die Planke von Jan Haring,"Nys, Jef"
Jommeke - Band 003 - Kinderherrschaft,"Nys, Jef"
Die Schlümpfe - Band 035 - und die lila Bohnen,"Jost, Alain"
Die Schlümpfe - Band 012 - Das Schlumpfbaby,"Peyo,"
Marsupilami - Band 010 - Panda in Panik,"Franquin, André"
Disney - Findet Dorie,"Ferrari, Alessandro"
Percy Pickwick - Band 024 - married,"Turk,"
Jommeke - Band 013 - Die weisse Melone,"Nys, Jef"
yoko tsuno - Band 028 - Der Tempel der Unsterblichen,"Leloup, Roger"
Asterix - Band 002 - Und Kleopatra,"Goscinny, René"
Asterix - Band 012 - Bei den Olympischen Spielen,"Goscinny, René"
Marsupilami - Band 009 - Operation Attila,"Batem,"
"Clever & Smart - Band 005 - Hilfe, wir verdursten!","Ibáñez, Francisco"
"Clever & Smart - Band 004 - Auf in den Kampf, Torero!","Ibáñez, Francisco"
Lucky Luke - Band 097 - Ein Cowboy in Paris,
Asterix - Band 038 -Das Geheimnis des Zaubertranks,"Gay, Olivier"
Marsupilami - Band 015 - Der Krater der Kakteen,"Franquin, André"
Die Schlümpfe - Band 037 - und die Traummaschine,"Jost, Alain"
Marsupilami - Band 016 - Kilsemmoahl,Batem
Marsupilami - Band 003 - Weiße Magie,Batem
Donald - Band 057,"Barks, Carl"
Tim und Struppi - Band 008 - Die Krabbe mit den,Hergé
Tim und Struppi - Band 004 - Der Blaue Lotus,Hergé
Tim und Struppi - Band 012 - Die sieben Kristallkugeln,Hergé
Clever & Smart - Band 002 - Wir bringen Nachschub für,"Ibez, Francisco"
Avatar - Band 001 - Der Herr der Elemente,"Yang, Gene Luen"
Die Ameise Lili - Band 002 - Auf der Suche des Blauen,Anita Studer
Avatar - Band 2,"Yang, Gene Luen"
Wir müssen reden!,"Mahler, Nicolas"
Kopf hoch! Smartphone ist heilbar,"Hilbring, Oli"
"Clever & Smart - Band 006 - Mit Herz, Schmerz und","Ibez, Francisco"
Lili la fourmi face au monstre et les prouesse des,"Studer, Anita"
Johann und Pfiffikus - Band 009 - Der Baron von,Peyo
Asterix - Band 038 - Die Tochter des Vercingetorix,"Ferri, Jean-Yves"
titeuf - Band 015 - Die kleine Poesie der Jahreszeiten,Zep
titeuf - Band 014 - Slipboy schlägt zurück!,Zep
Marsupilami - Band 018 - Baby Prinz,Batem
Spirou + Fantasio - Band 023 - Fauler Zauber in Afrika,Franquin
Spirou + Fantasio - Band 015 - Tiefenrausch,Franquin
Clever & Smart - Band 003 - Die Asphalt Safari,"Ibez, Francisco"
Die Abenteuer von Blake und Mortimer - Band 002 - Das,
Die Abenteuer von Blake und Mortimer - Band 001 - Das,"Jacobs, P. Edgar"
Die Abenteuer von Blake und Mortimer - Band 021 - Das,"Sente, Yves"
"Clever & Smart - Band 008 - Verdammt, wer macht die","Ibez, Francisco"
Marsupilami - Band 019 - Mister Xing Yun,Batem
Marsupilami - Band 020 - Die Arche Noah,Franquin
Clever & Smart - Band 009 - Fauler Zauber mit den,"Ibez, Francisco"
Spirou + Fantasio - Band SPEZ - Spirou bei den Sowjets,"Neidhardt, Fred"
Lucky Luke - Band 098 - Volle Fahrt voraus,Achdé
Lucky Luke - Band 100 - Die Ursprünge von Western,
Lucky Luke - Band 087 - Die Daltons und der Psycho-Doc,René Goscinny
Asterix - Band 004 - Der Kampf der Häuptlinge,"Uderzo, Albert"
Asterix - Band 005 -Die goldene Sichel,Goscinny René
Asterix - Band 001 - Der Gallier,"Goscinny, René"
Clever & Smart - Band 007 - Immer rein in die Maschine!,"Ibez, Francisco"
Marsupilami - Band 005 - Viva Palumbien!,Batem
Percy Jackson - Band 001 - Diebe im Olymp,"Venditti, Robert"
Percy Jackson - Band 002 - Im Bann des Zyklopen,"Venditti, Robert"
Lustiges Taschenbuch Spezial - Band 066 - Erstaunliche,
Lustiges Taschenbuch Spezial - Band 067 - Zeitreisen,
Krimi-Comics zum Lesen & Mitraten - Band 001,"Rometsch, Ina"
Krimi-Comics zum Lesen & Mitraten - Band 002,
A Child First Book of Trump,
Benni Bärenstark - Band 007 - Der Fetisch,Peyo
Thorgal - Band 002 - Die Rache der Zauberin,
Marsupilami - Band 023 - Der Tempel im Urwald,Franquin
Tim und Struppi - Band 019 - Tim in Tibet,Hergé
Asterix - Band 031 - Asterix und Latraviata,"Goscinny, Uderzo"
"Clever & Smart - Band 010 - Sag mir, wo die Bilder sind","Ibez, Francisco"
Lucky Luke - Band 097 - Ein Cowboy in Paris,
Lucky Luke - Band 023 - Die Daltons und der Psycho-Doc,René Goscinny
Fünf Freunde - Band 001 - erforschen die Schatzinsel,Béja
Lucky Luke - Band 100 - Die Ursprünge von Western,
Benni Bärenstark - Band 006 - Lady Alberta,
STIG & TILDE - Band 003 - Der Club der Loser,"Radiguès, Max de"
Marsupilami - Band 026 - Huba Banana,Yann
Donald - Band 056,"Barks, Carl"
Asterix - Band 007 - und die Goten,"Goscinny, René"
Yakari - Band 041 - der Sohn des Adlers,Derib
Die Schlümpfe - Band 039 - und der Schneesturm,Peyo
Tim und Struppi - Band 017 - Der Fall Bienlein,Hergé
Petzi - Band 040 - und der Tintenfisch,"Hansen, Carla"
STIG & TILDE - Band 001 - Die Insel der Verschollenen,"Radiguès, Max de"
Marsupilami - Band 027 - Chaos in Jollywood,Batem
Unschlagbar - Band 001 - Gerechtigkeit und Gemüse,"Jousselin, Pascal"
Unschlagbar - Band 003 - Der Albtraum der Ganoven,"Jousselin, Pascal"
Hilda - und der Steinwald,"Pearson, Luke"
Hilda - und der Troll,"Pearson, Luke"
Benni Bärenstark - Band 002 - Frau Albertine,
Yakari - Band 042 - Thathankas Zorn,"Giacometti, Xavier"
Spirou + Fantasio - Band 035 - Happy family,"Legendre, Marc"
Lucky Luke - Band 023 - Den Daltons auf der Spur,René Goscinny
Asterix - Band 016 - bei den Schweizern,"Goscinny, René"
Asterix - Band 000 - im Reich der Mitte,"Gay, Olivier"
Benni Bärenstark - Band 002 - Frau Albertine,
Die Schlümpfe - Band 013 - Die Minischlümpfe,Peyo
Die Schlümpfe Band 002 -und das verlorene Dorf:,Peyo
Marsupilami - Band 007 - Chiquito Paradiso,Batem
Clever & Smart - Band 011 - Die Erfindungen des Dr.,"Ibez, Francisco"
Clever & Smart - Band 012 - Eine Bombe für den Boss,"Ibez, Francisco"
Die drei ??? Kids - Strandpiraten,"Schmidt, Kim"
Asterix - Das Buch,"Goscinny, René"
Krimi-Comics zum Lesen & Mitraten - Band 004,"Rometsch, Ina"
Marsupilami - Band 032 - Manege frei!,Franquin
Clever & Smart - 016 - Das Benzin ist unser Ruin,"Ibez, Francisco"
Benni Bärenstark - Band 013 - Bennis zwölf grosse Taten,"Culliford, Thierry"
Benni Bärenstark - 010 - Benni macht das Rennen,
Asterix - Band 040 - Die Weisse Iris,Fabcaro
Yakari - Band 012 - und der Kojote,Derib
Die Schlümpfe - Band 004 - Das Zauberei und die,"Delporte, Yvan"
Sam und die Geister - Band 001 - Luise,Carbone
Boule & Bill - Band 029 - So ein Zirkus,"Roba, Jean"
Boule & Bill - Band 034 - Ein Schatz von einem Cocker,"Verron, Laurent"
Marsupilami -Band 014 - Sternenherz,"Franquin, André"
Lucky Luke - Band 032 - Im Schatten der Bohrtürme,"Gerra, Laurent"
Jommeke - Band 026 - Die Plastikjäger,"Nys, Jef"
Spirou und Fantasio- Band 048 - Zu den Ursprüngen des Z,Franquin
Spirou und Fantasio Band 031 - Das geheimnisvolle Virus,Franquin
Tim und Struppi - Band 015- Reiseziel Mond,Hergé
Disney - Die Eiskönigin - neue Abenteuer,"Caramagna, Joe"
Disney - Encanto,"Disney, Walt"
Dagobert - Band 087,
Donald - Band 071,"Barks, Carl"
Benni Bärenstark - Band 014 - Auf den Spuren des,
Clever & Smart - Band 021 - Heiße Eisen - kalte Füße!,"Ibez, Francisco"
Asterix - Band 008 - Bei den Briten,"Uderzo, Albert"
Disney - 101 Dalmatiner,"Comte, Marcel le"
"Luisa - Hurra, es geht zum Ponyhof! (Doch leider find ich","Nilsson, Janne"
"Clever & Smart - Band 023 - Einfach tierisch, dieser Job","Ibez, Francisco"
"Die Schlümpfe - Band 041 - Gargamel, der Freund der",Peyo
Disney - Die Eiskönigin - neue Abenteuer,"Caramagna, Joe"
Marsupilami - Band 017 - Geheimnisvolles Palumbien,Batem
Spirou und Fantasio - Band 047 - Spirou in Tokio,Franquin
Die Abenteuer von Blake und Mortimer - Band 027 -,"Sente, Yves"
Globine fährt ans Meer - Band 10,"Glättli, Samuel"
Asterix - Band 009 - und die Normanen,
Asterix- Band 032 - plaudert aus der Schule,
Asterix - Band 023 -Obelix GMBH & CO.KG,
Asterix -Band 041- in Lusitanien,Fabcaro
Marsupilami - Band 033 - Die Orchidee der Chahutas,Batem
Marsupilami - Band 031 - So ein Zirkus!,Batem
Spirou und Fantasio Band 006 - Der doppelte Fantasio,Franquin
Lucky Luke - Band 070 - Am Klondike,
Gaston - tierisches Vergnügen - Best of,Franquin
Die Schlümpfe - Band 021 - Niemand schlumpft den,"Delzenne, Philippe"
Tim und Struppi - Band 024 - und die Alpha-Kunst,Hergé
THEEB,
Der letzte Wolf,
Mani Matter Warum syt dir so truurig?,
Casper und seine Freunde,nn
Tom Hanks ist Forrest Gump,
Schindlers Liste,
West Side Story,
in 80 Tagen um die Welt,
In 80 Tagen um die Welt,
Michel muss mehr Männchen machen,
Mary Poppins,
Der Untergang,
Der Räuber Hotzenplotz,
Sinn und Sinnlichkeit,
Charlie und Luise,
Stolz und Vorurteil,
Der Soldat James Ryan,
Krieg und Frieden,
Das Geisterhaus,
Oliver Twist,
The da Vinci Code,
Vitus,
machuca,
James Bond 007 - Casino Royale,
Sieben Zwerge Der Wald ist nicht genug,
Silver linings,
Das Mädchen mit den Perlenohrenringen,
Finn und die Magie der Musik,
Buena vista social club,
Ratatouille,
Erbsen auf halb 6,"Donnelly, Elfie"
GOODBYE BAFANDA,
DIE FAELSCHER,
TELL,
DREAMER,
Das Geheimnis des verborgenen Tempels,
Jane Eyre,
ABBITTE,
Frauenbauer,
Hochzeit mit einer Leiche,
Big Fish,
Charlie und die Schokoladenfabrik,
Drachenläufer,
MAMMA MIA,
Die drei Räuber,
Madagascar,
walk the line,
DIE ROTE ZORA,
OPERATION WALKUERE,
EIN QUANTUM TROST,
the Banishment,
MADAGASCAR 2,
GOMORRHA,
BUDDENBROKKS,
Willkommen bei den SCH'TIS,
SLUMDOG MILLIONAIRE,
ILLUMINATI,
HANGOVER,
Ice Age 3,
Harry Potter und der HALBBLUT-PRINZ,
DAS DSCHUNGELBUCH 2,
DAS DSCHUNGELBUCH,
caillou,
caillou,
DAS LEBEN IST SCHOEN La vita è bella,
DER JUNGE IM GESTREIFTEN PYJAMA,
WICKIE UND DIE STARKEN MAENNER,
DUMBO,
GELIEBTE JANE,
Zimt und Koriander,
Schneewittchen und die sieben Zwerge,
Kasper und der Drachenprinz,
Und täglich grüsst das Murmeltier,
twilight,
"""Ganggelibrogg""",
VERDAMMNIS,
VERBLENDUNG,
DAS WEISSE BAND,
TROJA,
new moon,
eclipse,
Zimmer mit Aussicht,
Kindsköpfe,
die Simpsons,
DRACHENZÄHMEN LEICHT GEMACHT,
BAMBI,
EAT PRAY LOVE,
Königin der Wüste,
Black Swan,
Das Labyrinth der Wörter,
DER GANZ GROSSE TRAUM,
Dem HIMMEL so nah,
RIO,
Hoselupf oder wie man ein Böser wird,
Die Chroniken von Narnia,
Taxi Teheran,
Wasser für die Elefanten,
LORIOT Oedipussi,
LORIOT Pappa ante portas,
Der Herr der Ringe 1,
Der Herr der Ringe 2,
Der Herr der Ringe 3,
Harry Potter und der Stein der Weisen 1,
Harry Potter und die Kammer des Schreckens 2,
Harry Potter und die Heiligtümer des Todes 6 / Teil 1,
Harry Potter und die Heiligtümer des Todes 7 / Teil2,
Rätsel in Stein / Die Sphinx,
Midnight in Paris,
Geheimakte Sakrileg Die Jagd nach den Gewürzinseln,
Männerherzen und die ganz grosse Liebe,
"Basil, der grosse Mäuse-Detektiv",
Alice im Wunderland,
Rien à déclarer,
Die Kinder vom Napf,
Mercy,
Ice Age 2,
Die Käserei in Goldingen,
Heidi,
Alvin und die Chipmunks,
the Descendants,
Der Krieg der Knöpfe,
Vergebung,
Kokowääh,
Intouchables,
Hugo Cabret,
Der Verdingbub,
once (1),
the swell season (2),
the help,
Salmon fishing in the Yemen,
Der Lorax,
Drei Männer im Schnee,
Wunder einer Winternacht,
Skyfall 007,
Madagaskar 3,
Asterix - Operation Hinkelstein,
Asterix - Sieg über Cäsar,
Asterix - Bei den Briten,
Wickie und die starken Männer,
HOBBIT,
Anna Karenina,
Lincoln,
Das Geheimnis der Feenflügel,
Peter Pan,
Ice Age 4,
Cap and Capper,
Der kleine Prinz,
titeuf,
Merida,
Arbitrage,
Barbapapa,
Barbapapa,
Störche,
Les misérables,
Lore,
Die verlorene Zeit,
Aloha Die Chance auf Glück,
Albert Nobbs,
Kung Fu Panda 1,
Verliebte Feinde,
z' Alp Uffahre - Züglete - Oeberefahre,
Clara und das Geheimnis der Bären,
Ernest und Célestine,
Emil und der kleine Skundi,
KAUWBOY,
Blue Jasmine,
The Butler,
Planes,
Die Eiskönigin,
Mr. Morgan's last love,
Der Grüffelo / Kurzfilm,
Die kleine Hexe,
Hangover 3,
Hangover 2,
Auf dem Weg zur Schule,
Akte Grüninger,
Mandela,
Exit Marrakesch,
El secreto de Wakolda,
August: Osage county,
Pinocchio,
Minuscule,
Rio 2,
Die schwarzen Brüder,
Die Bücherdiebin,
La jaule de oro,
Das Grüffelokind,
Super-Hypochonder,
Happy feet,
Monsieur Claude und seine Töchter,
tableau noir,
Der Medicus,
Bhutan 26° 28 N,
Happiness,
Johan und der Federkönig,
Die Delfinflüsterin,
Shaun das Schaf,
Babar,
Der deutsche Freund,
Die Tribute von Panem,
Der Hobbit,
Der Goali bin Ig,
Happy feet 2,
Pippi ausser Rand und Band,
Eine Familie namens Beethoven,
Fünf Freunde 1,
Fünf Freunde 3,
Tierisch wild,
Flutsch und weg,
Jagdfieber,
Ab durch die Hecke,
Findet Memo,
Conducta,
Still Alice,
Paddington,
Tinker Bell - Piratenfee,
Ostwind,
Honig im Kopf,
Eine zauberhafte Nanny,
Cinderella,
Die unendliche Geschichte,
Die Brücke nach Terabithia,
Belle und Sebastian,
Hobbit 2,
Das Deckelbad,
Ostwind,
School of Rock,
Lucky Mein Freund mit dem Rüssel,
Hände weg von Mississippi,
Der Chor / Stimmen des Herzens,
Alles steht Kopf,
Das Leuchten des Regenbogens,
Schellen-Ursli,
Giovanni Segantini,
Mediterranea,
Marry me,
Time out of mind,
Simone Enzler,
Heidi,
Simone Enzler,
Simone Enzler,
Heinz de specht,
Spectre,
Rettet Raffi,
Janosch,
Die Tribute von Panem / Teil 2,
Picknick mit Bären,
Er ist wieder da,
HALLA HALLA,
Robinson Crusoe,
Füür ond Flamme,
Die Abenteuer des kleinen Schuhmachers Lapitch,
Arlo und Spot,
Zoomania,
Ein Mann namens Ove,
The danish girl,
Folge meiner Stimme,
Der grosse Sommer,
Die Winzlinge Operation Zuckerdose,
Birnenkuchen mit Lavendel,
Ein ganzes halbes Jahr,
Mother's day,
Gotthard - Fortschritt um jeden Preis,
Liebe zwischen den Meeren,
Lou Andreas-Salomé,
Nous trois ou rien,
Inferno,
Findet Dorie,
Das kalte Herz,
Frantz,
Magnus,
Vor der Morgenröte,
Unterwegs mit Jacqueline,
Voll verkatert,
Der kleine Prinz,"Saint-Exupéry, Antoine de"
Phantastische Tierwesen,
Ein Lied für Nour,Hany Abu-Assad
Eine Geschichte von Liebe und Finsternis,Natalie Portmann
Die Zeit der Frauen,Leena Yadav
Florence Foster Jenkins,Stephen Frears
Marie Curie,Marie Noelle
Ballerina,Eric Summer
Mein Leben als Zucchini,Barras Claude
Elle,Verhoeven Paul
Silvesterchlausen,Rickenmann Thomas
Fences,Denzel Washington
"La La Land Für alle, die zu träumen wagen",Ryan Gosling
Die Häschenschule,
"Jim Knopf und Lukas, der Lokomotivführer",Michael Ende
unerhört jenisch,
Jahrhundertfrauen,
Wie im Himmel,
Ostwind3,
"Der Engländer, der auf den Hügel stieg und von einem",
Ein Sack voll Murmeln - Un sac de billes,
Die Dschungelhelden,
Petterson und Findus,
Petterson und Findus,
Eddies erster Winter,
Zugvögel,
Der Schneemann,
Paddington 2,
Shana,"Jacusso, Nino"
PapaMoll,
Papa Moll,
Ferdinand geht stierisch ab,
Der seidene Faden,
Die tollkühne Hexe,
Di chli Häx,
S’Bloch,
Lady Bird,
Call me by your name,
"Mein Freund, die Giraffe",
"Rudolf, der schwarze Kater",
Die Sch’tis in Paris,
La mélodie,
Early man,
Hidden Figures,
Der Buchladen der Florence Green,
More than honey,
Die grüne Lüge,
Bohemian Rhapsody,
A STAR IS BORN,
Der Hunderjährige der aus dem Fenster stieg und,"Herngren, Felix"
Wolkenbruch,
The true cost - Der Preis der Mode,
Fack Ju Göthe 2,
Fack ju Göhte 3,"Dagtekin, Bora"
Fack ju Göhte,"Dagtekin, Bora"
Ice Age 1,
Jim Knopf & Lukas Der Lokomotivführer,"Ende, Michael"
COCO „Lebendiger als das Leben“,
Polo Hoffer und die Schmetterband,
Pink Floyd Live at Pompeii,
Zwingli,Stefan Haupt
Die Abenteuer von Tim und Struppi,
Tim und Struppi_Double Edition,
Dällenbach Kari,
Tim und Struppi,
Billy Elliot „I will dance“,
Harry Potter und der Gefangene von Askaban,"Rowling, Joanne K."
Little women,
Lion,
Rocketman,
The Peanut Butter Falcon,"Nilson, Taylor"
Green Book,Viggo Mortensen
Parasite,Bong Joon Ho
Roma,
Cow Spiracy,
Gandhi & Lawrance von Arabien,
Catching Fire,"Lawrence, Francis"
Into the wild,
Das System Milch,
Jojo Rabbit,"Waititi, Taika"
Bruno Manser,
Moskau einfach,"Lewinsky, Micha"
Dynastie KNIE: 100 Jahre Nationalcircus,Katrin Renz
101 Dalmatiner,
Le Mans 66,
Demokrat Läppli,
PRINCE „Sign the Times“,
Cars 3 - Evolution,Disney
tschik,
Die grosse Dick & Doof Sammelbox,
Die schönste Zeit unseres Leben,"Bedos, Nicolas"
Shaun das Schaf der Film,
Monsieur Claude 2,
APOLLO 11,
Briefe von Felix -auf Safarie-,
Traffic -Macht des Kartells-,
Der Patriot,
Die Dunkelste Stunde,
"Gott, Du kannst ein Arsch sein",
Die Kinder des Monsieur Mathieu,
The Father,
The Last Duell,
Fly,
Christiane F. - Wir Kinder vom Bahnhof Zoo,
Spider-Man - No Way Home,
Die Schule der magischen Tiere,
Sing 2 - Die Show deines Lebens,
James Bond - Keine Zeit zu sterben,
Jurassic World - Ein neues Zeitalter,Andres Dresen
Rabiye Kurnaz gegen George W. Bush,Laila Stieler
Minions auf der Suche nach dem Mini-Boss,
Redeeming Love - Die Liebe ist stark,Francine Rivers
Wunderschön,Karoline Herfurt
Elvis,Baz Luhrmann
The Imitation Game - Ein streng geheimes Leben,
Heidi,"Spyri, Johanna"
Der Fuchs und das Mädchen,Luc Jacquet
Oppenheimer,Christopher Nolan
Pingu - S’Bescht 1,
De chli rot Traktor - Band 010 - S’Härdöpfelsackränne,
Die chlini Prinzässin - Abentüür im Schloss,
Chlini Prinzässin - Spass im Schnee,
De Füürweehrmaa Sämi - Die spannendste Gschichte 3,
Prinzessin Lillifee,
Lauras Stern,
Alvin und die Chipmunks - Road Trip,
Philip Maloney - No.15,"Graf, Roger"
Philip Maloney - No.09,"Graf, Roger"
Philip Maloney - No.11,"Graf, Roger"
Die drei ??? - Der geheime Schlüssel - Band 119,"Hitchcock, Alfred"
Die drei ??? - Der schwarze Skorpion - Band 120,"Hitchcock, Alfred"
Der Medicus von Saragossa,"Gordon, Noah"
Die drei ??? - Gekaufte Spieler - Band 055,"Hitchcock, Alfred"
Lose ond lache,"Eggenberger, Peter"
Grimms Märchen No. 1,"Grimm, Gebrüder"
Grimms Märchen No. 2,"Grimm, Gebrüder"
Grimms Märchen No. 3,"Grimm, Gebrüder"
Grimms Märchen No. 4,"Grimm, Gebrüder"
Grimms Märchen No. 5,"Grimm, Gebrüder"
Grimms Märchen No. 6,"Grimm, Gebrüder"
Grimms Märchen No. 7,"Grimm, Gebrüder"
Grimms Märchen No. 8,"Grimm, Gebrüder"
Grimms Märchen No. 9,"Grimm, Gebrüder"
Grimms Märchen No. 10,"Grimm, Gebrüder"
Blaue Wunder,Kürthy von Ildiko
Die Tagebücher einer Nanny,"McLaughlin, Emma"
Paul Temple und der Fall Curzon,"Durbridge, Francis"
Die Kastratin,"Lorentz, Iny"
Vermiss mein nicht,"Ahern, Cecilia"
Der Geschichtenerzähler oder das Geheimnis des,Izzy Joel ben
Die drei Musketiere,"Dumas, Alexandre"
Huckleberry Finns Abenteuer,"Twain, Mark"
Oliver Twist,"Dickens, Charles"
Die Schatzinsel,Stevensen Louis Robert
Die drei ??? - Die Villa der Toten - Band 114,"Hitchcock, Alfred"
Millie auf Mallorca,"Chidolue, Dagmar"
Lapislazuli im Auge des Bären,"Krappen, Volker"
Das Haushörbuch der Narren und Schelme,"Gerstenberg, Verlag"
Wer war das? Abenteurer und Entdecker 1,Schulz-Reiss Christine
Der geschenkte Gaul,"Knef, Hildegard"
"Taschi, mein kleiner Freund",Fienberg Anna und Barbara
Champagner für alle!,"Wimmer, Martina"
Lola Löwenherz rettet die Ziegen,"Abedi, Isabel"
Fünf Freunde - Band 004 - als Retter in der Not,"Blyton, Enid"
Kasperlitheater - Band 008 - De Giizgnäpper im,"Schneider, Jörg"
Kasperlitheater - Band 017 - De Gfröörli gaat go,"Schneider, Jörg"
Ein Paradies in Cornwall,"Willett, Marcia"
Die unendliche Geschichte,"Ende, Michael"
Bevor ich sterbe,"Downham, Jenny"
Mondscheinmädchen,"Shwarzman, Ori"
Die Bücherdiebin,"Zusak, Markus"
"Maria, ihm schmeckts nicht!","Weiler, Jan"
S brav Tüüfeli,Schneider Jörg u. Moser E.
Pippi Langstrumpf,"Lindgren, Astrid"
Hörbe mit dem grossen Hut,"Preussler, Otfried"
Karlsson fliegt wieder,"Lindgren, Astrid"
Karlsson vom Dach,"Lindgren, Astrid"
Meuterei auf der Bounty,"Alexander-Burgh, Eberhard"
Die Zauberorgel,Schneider Jörg u. Moser E.
Familienpackung,"Fröhlich, Susanne"
Vrenelis Gärtli,"Krohn Tim, Anna Trauffer"
Irische Elfenmärchen,"Grimm, Gebrüder"
Cupido,"Hoffman, Jilliane"
Die drei ??? - Band 123 - Fussballfieber,"Hitchcock, Alfred"
Fünf Freunde - Band 080 - und das gefährliche,"Blyton, Enid"
Fünf Freunde - Band 078 - und die Piraten-Bande,"Blyton, Enid"
Fünf Freunde - Band 077 - und das unheimliche,"Blyton, Enid"
Fünf Freunde - Band 076 - und das Geheimnis des,"Blyton, Enid"
Fünf Freunde - Band 079 - und das Rätsel des,"Blyton, Enid"
TKKG - Band 158 - Trainer unter Verdacht,"Wolf, Stefan"
TKKG - Band 005 - Das Phantom auf dem Feuerstuhl,"Wolf, Stefan"
TKKG - Band 159 - Böses Spiel im Sommercamp,"Wolf, Stefan"
TKKG - Band 006 - Angst in der 9a,"Wolf, Stefan"
TKKG - Band 004 - Das Paket mit dem Totenkopf,"Wolf, Stefan"
Die drei ??? - Band 121 - Spur ins Nichts,"Hitchcock, Alfred"
Die Tatarin,"Lorentz, Iny"
Ich bin dann mal weg,"Kerkeling, Hape"
Tochter des Meeres,"Arditi, Metin"
Der Katalane,"Gordon, Noah"
Die Seidenweberin,"Niehaus, Ursula"
Ich hab dich im Gefühl,"Ahern, Cecilia"
Bibi Blocksberg - Band 027 - Die verhexte Hitparade,"Herzog, Anette"
TKKG - Band 163 - Die Makler-Mafia,"Wolf, Stefan"
TKKG - Band 164 - Operation Hexen-Graffiti,"Wolf, Stefan"
All die ungesagten Worte,"Levy, Marc"
Die kleine Alice,"Carrell, Lewis"
Mörderische Tage,"Franz, Andreas"
Fisherman's Friend,"Noll, Ingrid"
Leichenblässe,"Beckett, Simon"
Die drei ??? - Band 137 - Pfad der Angst,"Hitchcock, Alfred"
TKKG - Band 015 - Ufos in Bad Finkenstein,"Wolf, Stefan"
Allein in der Wildnis,"Paulsen, Gary"
Das magische Messer,"Pullmann, Philip"
Das Bernstein Teleskop,"Pullmann, Philip"
Die drei ??? - Band 130 - Der Fluch des Drachen,"Hitchcock, Alfred"
TKKG - Band 125 - Der Mörder aus einer anderen Zeit,"Wolf, Stefan"
TKKG - Band 161 - Ein Yeti in der Millionenstadt,"Wolf, Stefan"
TKKG - Band 128 - Die Gehilfen des Terrors,"Wolf, Stefan"
Fünf Freunde - Band 085 - und der verschwundene,"Blyton, Enid"
Ursus und Nadeschkin Zugabe,"Wehrli, Urs"
Mörderische Geschichten,"Devi, Mitra"
"Ein Mann, ein Fjord","Kerkeling, Hape"
Der kleine Erziehungsratgeber,"Hacke, Axel"
"Sorry, wir haben die Landebahn verfehlt","Orth, Stephan"
"Vo Ärbet, Gsang ond Liebi, CD 3","Rotach, Walter"
Lust auf Medizin,"Weymayr, Christian"
Die Zeitdetektive - Band 017 - Alexander der Grosse,"Lenk, Fabian"
Die rote Zora und ihre Bande,"Held, Kurt"
Fünf Freunde - Band 087 - und das rätselhafte Sternbild,"Blyton, Enid"
Voll verliebt im Tor,"Bliefert, Ulrike"
Bibi Blocksberg - Band 032 - als Prinzessin,"Donnelly, Elfie"
Die drei ??? - Band 142 - Tödliches Eis,"Hitchcock, Alfred"
Die Zeitdetektive - Band 004 - Das Teufelskraut,"Lenk, Fabian"
Der Seewolf,"London, Jack"
Hitzewelle,Ragde Anne B.
Achtung Baby!,"Mittermeier, Michael"
Was die Seele krank macht und was sie heilt,"Schäfer, Thomas"
Der Halb-Marathon-Mann,"Bläsing, Rolf"
Die drei ??? - Band 132 - Spuk im Netz,"Hitchcock, Alfred"
"Philip Maloney - Sammelbox No. 36, 37, 38, 39, 40","Graf, Roger"
Die drei ??? - Band 138 - Die geheime Treppe,"Hitchcock, Alfred"
Die wilden Hühner - Band 006 - und das Leben,"Funke, Cornelia"
Sams Wal,"Scholes, Katherine"
Fünf Freunde - Band 086 - und die verbotenen Blüten,"Blyton, Enid"
Die Zeitdetektive - Band 005 - Geheimnis um,"Lenk, Fabian"
Die Zeitdetektive - Band 003 - Das Grab des Dschingis,"Lenk, Fabian"
Wo die Löwen weinen,"Steinfest, Heinrich"
Lackschaden,"Fröhlich, Susanne"
Sonne über Wahi-Koura,"Laureen, Anne"
Holzbei-Housi und Nasepööggen-Anni,"Michel, Markus"
Hugos geniale Welt,"Zett, Sabine"
Die drei ??? - Band 135 - Fluch des Piraten,"Hitchcock, Alfred"
Fünf Freunde - Band 088 - und das Gespenst von,"Blyton, Enid"
TKKG - Band 072 - Taschengeld für ein Gespenst,"Wolf, Stefan"
Dork Diaries Nikkis (nicht ganz so) fabelhafte Welt,"Russell, Rachel"
Wer war Sitting Bull?,"Schindler, Nina"
Die wilden Küken - Band 003 - Endlich Ferien,"Schmid, Thomas"
Bibi Blocksberg - Band 097 - Überraschung für Mama,"Donnelly, Elfie"
Die Zeitdetektive - Band 021 - Der Schwur der Samurai,"Lenk, Fabian"
Die drei ??? - Band 131 - Haus des Schreckens,"Hitchcock, Alfred"
Die Zeitdetektive - Band 022 - Der falsche König,"Lenk, Fabian"
TKKG - Band 146 - Nonstop in die Raketenfalle,"Wolf, Stefan"
Chaosküsse mit Croissant,"Ullrich, Hortense"
Völlig nutzloses Hörbuch der haarsträubendsten Fehler,"Ardagh, Philip"
Der Hausmann Bänz Friedli,"Friedli, Bänz"
Oberwasser,"Maurer, Jörg"
Sterne über Tauranga,"Laureen, Anne"
Farm der Tiere,"Orwell, George"
Finsterau,Schenkel Andrea Maria
Zwei an einem Tag,"Nicholls, David"
Dampfnudelblues,"Falk, Rita"
TKKG - Band 162 - Gefahr für Oskar,"Wolf, Stefan"
Globi - im Europa Park,"Bruggmann, Alfred"
Die kleine Hexe hat Geburtstag,"Baeten, Lieve"
Lola Schwesterherz,"Abedi, Isabel"
TKKG - Band 178 - Hai-Alarm im Aquapark,"Wolf, Stefan"
"Die drei !!! - Band 004, 005, 006 - Sammelbox","Wich, Henriette"
Käpt'n Sharky - Schiffbruch vor de einsame Insle,"Langreuter, Jutta"
Perla,De Robertis Carolina
Wer Wind sät,"Neuhaus, Nele"
Die Regenbogentruppe,"Hirata, Andrea"
"Herzlichen Glückwunsch, Sie haben gewonnen!","Heldt, Dora"
TKKG - Band 177 - Die Spur der Wölfin,"Wolf, Stefan"
Die drei ??? - Nacht der Tiger - Band 159,"Hitchcock, Alfred"
Prinzässin Lillifee und de chli Delfin,"Finsterbusch, Monika"
Silberflosse - Band 001 - Der Lichterschatz der Delfine,Angermayer Karen Christine
Liebeschaos und lila Muffins,"Ullrich, Hortense"
Dork Diaries Nikkis (nicht ganz so) phänomenaler Auftritt,"Russell, Rachel"
Reise zum Mittelpunkt der Erde,"Verne, Jules"
Silberflosse - Band 002 - Der Zauber der Fantasie,Angermayer Karen Christine
Philip Maloney - No.01,"Graf, Roger"
Wie man im Chaos überlebt,"Johnson, Pete"
Die wilden Küken - Band 006 - Ab ins Abenteuer!,"Schmid, Thomas"
Pettersson und Findus - Wie Findus zu Pettersson kam,"Nordqvist, Sven"
Hugo chillt,"Zett, Sabine"
Heimlich Fee - Wie wir den Dieb im Schlafanzug,"Alms, Thorsten"
Knapp am Herz vorbei,"Klaussner, Burghart"
De Meischter Eder und sin Pumuckl - Band 018 - E tolli,"Kaut, Ellis"
Bibi Blocksberg - Band 017 - Der kleine Hexer,"Donnelly, Elfie"
Der Feind meines Vaters,"Grandes, Almudena"
TKKG - Band 176 - Verbrechen im Rampenlicht,"Wolf, Stefan"
Die drei ??? - Band 014 - Und das Bergmonster,"Carey, M.V."
Sternenschweif - Band 001 - Geheimnisvolle,
Sternenschweif - Band 006 - Freunde im Zauberreich,"Chapman, Linda"
Sternenschweif - Band 005 - Sternenschweifs Geheimnis,"Chapman, Linda"
Das Geheimnis des Walfischknochens,"Heitmann, Tanja"
Die grosse Mama Muh - Hörbox,"Wieslander, Jujja"
Bläss und Zita,"Langenegger, Lilly"
Die drei ??? - und der verschollene Pilot - Band 163,"Nevis, Ben"
Die drei ??? - Band 165 - Im Schatten des Giganten,"Erlhoff, Kari"
Die drei ??? - und der schreiende Nebel - Band 162,"Minninger, André"
TKKG - Band 187 - Ausspioniert!,"Wolf, Stefan"
Fünf Freunde - Band 105 - und das magische,"Blyton, Enid"
Fünf Freunde - Band 106 - und das geheimnisvolle,"Blyton, Enid"
Die drei !!! - Band 026 - Tatort Filmset,"Nissen, Peter"
Die drei !!! - Band 013 - Gefahr im Reitstall,"Nissen, Peter"
Die drei !!! - Band 020 - Beutejagd am Geistersee,"Nissen, Peter"
Bibi Blocksberg - Band 109 - Der Hexenball,"Donnelly, Elfie"
Kasperlitheater - Band 007 - De Schorsch Gaggo reist uf,"Schneider, Jörg"
Globi - Band 047 - im Wilden Westen,Müller Walter Andreas
Käpt'n Sharky - rettet de chli Wal,"Langreuter, Jutta"
Globi - Band 062 - hilft der Polizei,Müller Walter Andreas
Immer dä Michel - Es bsunders Fäscht,"Lindgren, Astrid"
Globi - Band 070 - Globis Zoo,Müller Walter Andreas
Kasperlitheater - Band 005 - s Mondchalb und de,"Schneider, Jörg"
S' Wonder vom Alpschtee,"Manser, Gabriela"
Bibi Blocksberg - Band 055 - Mamis Geburtstag,"Herzog, Ulli"
Bibi & Tina - Ausritt mit Folgen,"Dittrich, Markus"
Bibi & Tina - Hilfe für die Tierpension,"Dittrich, Markus"
Die drei ??? - Strasse des Grauens - Band 170,"Minninger, André"
Pauli - Wo ist Nickel?,"Weninger, Brigitte"
Globi - Band 084 - der schlaue Bauer,Müller Walter Andreas
De Meischter Eder und sin Pumuckl - Band 017 - De,"Kaut, Ellis"
Geheimnis im Möwenweg,"Boie, Kirsten"
Traumküsse aus Amerika,"Sahler, Martina"
TKKG - Band 188 - Die blauen Schafe von Artelsbach,"Wolf, Stefan"
Die drei !!! - Betrug in den Charts - Band 031,"Nissen, Peter"
"Die drei !!! - Band 028 - Achtung, Promihochzeit","Nissen, Peter"
Die drei !!! - Falsches Spiel im Internat - Band 030,"Nissen, Peter"
Schellen-Ursli,"Carigiet, Alois"
Dork Diaries - Nikkis (nicht ganz so) glamuröses,"Russell, Rachel"
Fünf Freunde - Band 107 - und die Nacht im Safari-Park,"Blyton, Enid"
Die Zeitdetektive - Band 018 - Das Feuer des Druiden,"Lenk, Fabian"
Die Zeitdetektive - Band 031 - Das Wunder von Bern,"Lenk, Fabian"
Sternenschweif - Band 007 - Nacht der 1000 Sterne,"Chapman, Linda"
Sternenschweif - Band 008 - Die Macht des Einhorns,"Chapman, Linda"
Sternenschweif - Band 009 - Flug durch die Nacht,"Chapman, Linda"
Globi - Band 085 - im alten China,Müller Walter Andreas
De Meischter Eder und sin Pumuckl - Band 024 - De,"Kaut, Ellis"
Die Zeitdetektive - Band 032 - Der Spion am Hof des,"Lenk, Fabian"
Die Zeitdetektive - Band 033 - Leonardo da Vinci und,"Lenk, Fabian"
Die drei !!! - Band 035 - Diebe in der Lagune,"Nissen, Peter"
Die drei !!! - Band 034 - Brandgefährlich!,"Nissen, Peter"
Fünf Freunde - Band 110 - auf dem Pfad der,"Blyton, Enid"
TKKG - Band 190 - Der eiskalte Clown,"Wolf, Stefan"
"TKKG - Band 189 - Iwan, der Schreckliche","Wolf, Stefan"
Die drei ??? - Band 174 - und das Tuch der Toten,"Minninger, André"
Die drei ??? - Band 173 - Dämon der Rache,"Minninger, André"
Bibi & Tina - Die Urlaubsüberraschung,"Dittrich, Markus"
Die Stadt der wilden Götter - Teil 1,"Allende, Isabel"
Die Stadt der wilden Götter - Teil 2,"Allende, Isabel"
Im Reich des Goldenen Drachen - Teil 3,"Allende, Isabel"
Im Reich der Goldenen Drachen - Teil 4,"Allende, Isabel"
Im Bann der Masken,"Allende, Isabel"
Ferien im Möwenweg,"Boie, Kirsten"
Kasperlitheater - Band 010 - De Velochlauer chunnt is,"Schneider, Jörg"
Brief vom Felix - Ein kleiner Hase auf Weltreise,"Langen, Annette"
Papa Moll - Band 028 - im Schnee,"Krejci, Kamil"
Globi - Band 076 - und der Polarforscher,Müller Walter Andreas
Käpt'n Sharky - und de Riesekrake,"Langreuter, Jutta"
Globi - Band 075 - bei den Nashörnern,Müller Walter Andreas
De Meischter Eder und sin Pumuckl - Band 019 De,"Kaut, Ellis"
Gschichte vo Geischter und Häxe verzellt vo de Trudi,"Gerster, Trudi"
Die drei ??? - Band 177 - Der Geist des Goldgräbers,"Minninger, André"
Die drei ??? - Band 176 - Der gestohlene Sieg,"Minninger, André"
TKKG - Band 191 - Nord-Nordwest zum Hexenplatz,"Wolf, Stefan"
Bibi & Tina - Band 078 - Das Gestüt in England,"Dittrich, Markus"
Bibi & Tina - Band 080 - Der Waldbrand,"Dittrich, Markus"
Die drei !!! - Band 037 - Die Pferdeshow,"Nissen, Peter"
Die drei !!! - Band 036 - SOS per GPS,"Nissen, Peter"
Fünf Freunde - Band 112 - und der Delfin in der,"McClean, Katrin"
Fünf Freunde - Band 113 - und das Feuer auf der,"McClean, Katrin"
WAS IST WAS - Klima / Natur schützen,"Haderer, Kurt"
WAS IST WAS - Wale & Delfine / Geheimnisse der Tiefsee,"Baur, Manfred Dr."
Pippi Langstrumpf - Pippi gaht ufs Schiff - Band 2,"Lindgren, Astrid"
Globi - Band 016 - will ins Schlaraffenland,Müller Walter Andreas
Globi - Band 086 - und der Goldraub,Müller Walter Andreas
Papa Moll - Band 022 - Volle Fahrt voraus!,"Krejci, Kamil"
Papa Moll - Band 026 - Tierheim,"Krejci, Kamil"
Abentürlichi Brief vom Felix,"Langen, Annette"
Prinzässin Lillifee und de chli Drache,"Finsterbusch, Monika"
De chli Prinz,"Saint-Exupéry, Antoine de"
TKKG - Band 195 - Dem Sonnenkönig auf der Spur,"Wolf, Stefan"
TKKG - Band 194 - Der Friedhof der Namenlosen,"Wolf, Stefan"
Die drei !!! - Band 041 - Im Bann des Flamenco,"Nissen, Peter"
Fünf Freunde - Band 101 - und der vergessene Schatz,"Brügger, Katja"
WAS IST WAS - Pinguine / Tiere im Zoo,"Haderer, Kurt"
WAS IST WAS - Piraten / Schiffe,"Falk, Matthias"
Die Zeitdetektive - Band 024 - Der Fluch der Wikinger,"Lenk, Fabian"
Fünf Freunde - Band 115 - helfen den Flutopfern,"McClean, Katrin"
Die drei !!! - Band 038 - Stylistin Gefahr,"Nissen, Peter"
Die drei ??? - Band 179 - Die Rache des Untoten,"Minninger, André"
Simon Enzler - Vestolis,"Enzler, Simon"
Simon Enzler - Phantomschmerz,"Enzler, Simon"
Simon Enzler - Wedeschegg,"Enzler, Simon"
Simon Enzler - Liberement!,"Enzler, Simon"
Simon Enzler - Schampeselisee,"Enzler, Simon"
Simon Enzler - Der Retter des Enzians,"Enzler, Simon"
Simon Enzler - Fedelesis,"Enzler, Simon"
"Der Landmonteur - Geschichten über Beruf, Land und","Fischli, Alfred"
heinz de specht - Schön,heinz de specht
Die drei ??? - Band 171 - und das Phantom aus dem,"Minninger, André"
Die drei !!! - Tatort Geisterhaus - Band 045,"Nissen, Peter"
Der kleine Drache Kokosnuss - Schulfest auf dem,"Evans, Jonathan"
Fünf Freunde - Band 117 - und der Wolf in den Highlands,"Brügger, Katja"
Die drei !!! - Band 022 - Jagd im Untergrund,"Nissen, Peter"
Die drei ??? - und der letzte Song - Band 183,"Minninger, André"
Die drei ??? - Im Haus des Henkers - Band 182,"Minninger, André"
Asterix - Die Lorbeeren des Cäsar,"Wakonigg, Daniela"
Fünf Freunde - Band 118 - und der falsche Patient,"McClean, Katrin"
TKKG - Band 198 - Der Golem vom Dunkelsee,"Wolf, Stefan"
Bibi & Tina - Band 069 - Die Pferdeprinzessin,"Sand, Nelly"
WAS IST WAS - Fussball,"Falk, Matthias"
WAS IST WAS - Bären / Wölfe,"Falk, Matthias"
De Meischter Eder und sin Pumuckl - Band 007 - Es,"Kaut, Ellis"
TKKG - Band 117 - Im Schloss der schlafenden Vampire,"Wolf, Stefan"
TKKG - Band 181 - Der vertauschte Koffer,"Wolf, Stefan"
Bibi & Tina - Band 065 - Abschied von Amadeus,"Dittrich, Markus"
Sommer im Möwenweg,"Boie, Kirsten"
TKKG - Band 200 - Der grosse Coup,"Wolf, Stefan"
Die Wilden Küken - Band 004 - Es spukt!,"Schmid, Thomas"
WAS IST WAS - Wunderbare Pferde / Reitervolk,"Baur, Manfred"
Die drei !!! - Band 046 - Filmstar in Gefahr,"Nissen, Peter"
WAS IST WAS - Der Urmensch / Eiszeiten,"Krumbiegel, Crock"
WAS IST WAS - Superschlaue Tiere / Tricks der Pflanzen,"Baur, Manfred"
WAS IST WAS - Leben der Ritter / Mächtige Burgen,"Krumbiegel, Crock"
De Meischter Eder und sin Pumuckl - Band 002 - De,"Kaut, Ellis"
Die Zeitdetektive - Band 028 - Mozart und der,"Lenk, Fabian"
Kasperlitheater - Band 022 - Die verhäxt Insle im,"Schneider, Jörg"
Kasperlitheater - Band 021 - Die verhäxt Insle im,"Schneider, Jörg"
Der kleine Vampir - Band 001,"Sommer-Bodenburg, Angela"
Der kleine Vampir - Band 002 - zieht um,"Sommer-Bodenburg, Angela"
Der kleine Vampir - Band 003 - verreist,"Sommer-Bodenburg, Angela"
Fünf Freunde - Band 120 - und die doppelte Erfindung,"Blyton, Enid"
Fünf Freunde - und das versunkene Schiff - Band 119,"Blyton, Enid"
Die drei ??? - Insel des Vergessens - Band 186,"Minninger, André"
Die drei ??? - und der Hexengarten - Band 184,"Minninger, André"
TKKG - Verfolgungsjagd vor Mitternacht - Band 199,"Wolf, Stefan"
Bibi & Tina - Das Ritterturnier - Band 70,"Dittrich, Markus"
Alle sieben Wellen,"Glattauer, Daniel"
Vielleicht mag ich dich morgen,"McFarlane, Mhairi"
Luzifer junior - Band 001 - Zu gut für die Hölle,"Till, Jochen"
Wir Kinder aus dem Möwenweg,"Boie, Kirsten"
Die drei !!! - Band 044 - Skandal im Café Lomo!,"Nissen, Peter"
Die drei ??? - Band 188 - Signale aus dem Jenseits,"Minninger, André"
Die drei ??? - Band 187 - und das silberne Amulett,"Sonnleitner, Marco"
TKKG - Band 201 - Vom Goldschatz besessen,"Wolf, Stefan"
TKKG - Band 202 - Ein Paradies für Diebe,"Wolf, Stefan"
Fünf Freunde - Band 121 - und die verlassene Jagdhütte,"McClean, Katrin"
Fünf Freunde - Band 122 - und der Grossalarm in Kirrin,"McClean, Katrin"
Fünf Freunde - Band 123 - und der Zug im Dunkeln,"McClean, Katrin"
Papa Moll - Band 029- und das Kochmobil,"Krejci, Kamil"
Gschichte vo zauberhafte Tier verzellt vo de Trudi,"Gerster, Trudi"
WAS IST WAS - Feuerwehr / Polizei,"Krumbiegel, Crock"
Die Glücksbäckerei - Die magische Zeit,"Littlewood, Kathryn"
Die drei !!! - Band 051 - Krimi-Dinner,"Nissen, Peter"
De Meischter Eder und sin Pumuckl - Band 004 - De,"Kaut, Ellis"
Zaubermuus und Marzipan,"Gerster, Trudi"
Luzifer junior - Band 002 - Ein teuflisch gutes Team,"Till, Jochen"
Luzifer junior - Band 003 - Einmal Hölle und zurück,"Till, Jochen"
Der Esel Pferdinand - Band 002 - Ein Esel zum,"Kolb, Suza"
De chli Bär Sebastian,"Steiner, Jolanda"
Die neugierig chlii Häx,"Baeten, Lieve"
Die drei !!! - Band 053 - Hochzeitsfieber,"Nissen, Peter"
WAS IST WAS - Wunder Evolution / Darwins Weltreise,"Baur, Manfred"
Die Zeitdetektive - Band 030 - Caesar und die grosse,"Lenk, Fabian"
Mein Lotta-Leben - Band 01 - Alles voller Kaninchen,"Pantermüller, Alice"
Chline Isbär hilf mir flüge!,"de Beer, Hans"
WAS IST WAS - Spione & Agenten / Kriminalistik,"Krumbiegel, Crock"
Die drei !!! - Band 052 - Das Rote Phantom,"Nissen, Peter"
Fünf Freunde - Band 124 - auf der Suche nach Timmy,"McClean, Katrin"
Fünf Freunde - Band 125 - und die gemeine Falle,"McClean, Katrin"
Starke Stimmen,Hoss Nina
Bibi & Tina - Ein schlimmer Verdacht,"von Bornstädt, Matthias"
Fünf Freunde - Band 126 - und die gefährlichen Wurzeln,"McClean, Katrin"
Die drei ??? - Im Bann des Drachen - Band 192,"Minninger, André"
TKKG - Band 204 - Verschwörung auf hoher See,"Hofstetter, Martin"
Die drei ??? - Band 191 - Verbrechen im Nicht,"Minninger, André"
Die Zeitdetektive - Band 004 - im Mittelalter,"Lenk, Fabian"
Die schönschte Prinzässinne Gschichte und Lieder,diverse
Herr der Diebe,"Funke, Cornelia"
WAS IST WAS - Gladiatoren / Germanen,"Krumbiegel, Crock"
Die drei !!! - Band 056 - Geheimnis im Düstermoor,"Nissen, Peter"
Der Esel Pferdianand - Band 003 - Volle Pferdestärke,"Kolb, Suza"
Die Zeitdetektive - Band 039 - Kolumbus und die,"Lenk, Fabian"
Die drei ??? - Band 194 - und die Zeitreisende,"Minninger, André"
Fünf Freunde - Band 127 - und die Teufelsbucht,"McClean, Katrin"
Fünf Freunde - Band 128 - und der unsichtbare Feind,"McClean, Katrin"
Die drei !!! - Band 057 - Tatort Kreuzfahrt,"Nissen, Peter"
Papa Moll - Band 031 - zieht um,"Krejci, Kamil"
Globi - Band 052 - bei der Feuerwehr,"Müller, Walter Andreas"
Globi - Band 067 - der Sportreporter,"Müller, Walter Andreas"
Globi - und die Tiere im Zoo,"Müller, Walter Andreas"
Globi - Band 085 - im alten China,"Müller, Walter Andreas"
Kasperlitheater - Band 014 - S Rhinozeros isch,"Schneider, Jörg"
Kasperlitheater - Band 018 - De Muulwurf und de,"Schneider, Jörg"
Kasperlitheater - Band 011 - S Gheimnis vom singende,"Schneider, Jörg"
Kasperlitheater - Band 002 - De Tüüfel Luuspelz und s,"Schneider, Jörg"
Bibi & Tina - Das Filmteam,"Dittrich, Markus"
Bibi & Tina - Wildgänse-Alarm,"Bornstädt von, Matthias"
Verzogen,"Fröhlich, Susanne"
TKKG - Band 207 - Doppelte Entführung,"Hofstetter, Martin"
"TKKG - Achtung, UFO-Kult! - Band 206","Hofstetter, Martin"
Die drei ??? - im Reich der Ungeheuer - Band 195,"Minninger, André"
Die Säulen der Erde,"Kerzel, Joachim"
Der grosse Kater,"Hürlimann, Thomas"
Die Blüten-Trilogie,"Roberts, Nora"
Einsteins Versprechen,"Rovira, lex"
Käpt'n Sharky - im Wilden Westen,"Bielfeldt, Rainer"
Käpt'n Sharky - das Geheimnis der versunkenen Stadt,"Bielfeldt, Rainer"
Die Zeitdetektive - im alten Rom,"Lenk, Fabian"
Der kleine Drache Kokosnuss,"Hibbert, Jimmy"
Der kleine Drache Kokosnuss - Die besten,"Siegner, Ingo"
Globi - Band 089 - Abenteuer in Rom,
Teufelskicker - Kampf der Maskottchen,"Krallus, Thomas"
Die drei !!! - Band 061 - Der Fall Dornröschen,"Erlhoff, Kari"
TKKG - Band 210 - Raubzug im Casino,"Wolf, Stefan"
Teufelskicker - Sprung an die Spitze,
Fünf Freunde - Band 132 - und das Rätsel um den,"Blyton, Enid"
Die drei ??? - Band 180 - und die flüsternden Puppen,Robert Arthur
"Flöckli, das Geisslein","Langenegger, Lilly"
Heidi,"Spyri, Johanna"
Sternenschweif - Band 043 - Der Sternengeburtstag,"Speulhof, Barbara van den"
Sternenschweif - Band 046 - Das magische Wasser,"Chapman, Linda"
Der kleine Drache Kokosnuss - Schulausflug ins,"Siegner, Ingo"
De chli Drache Kokosnuss chunt id Schuel,"Siegner, Ingo"
Globine - Band 003 - und das Kuhrennen,"Schmidlin, Brigitte"
Globine - Band 001 - und die verschwundenen Pferde,"Krejci, Kamil"
Petterson und Findus - Findus zieht um,Sven Nordqvist
Chlinä Isbär i de Walbucht,
Die drei !!! - Das geheime Parfum - Band 059,
Bibi & Tina - Graf für einen Tag,"Bornstädt, Matthias von"
Bibi & Tina - Vollmond über Falkenstein,"Bornstädt, Matthias von"
TKKG - Band 210 - Raubzug im Casino,"Wolf, Stefan"
TKKG - Band 209 - Drohbriefe von Unbekannt,"Wolf, Stefan"
Fünf Freunde - Band 131 - verfolgen Fahrraddiebe,"Blyton, Enid"
Fünf Freunde - Band 130 - und die Glocke der Wickinger,"Blyton, Enid"
Die drei ??? - Band 201 - Höhenangst,Graphig Novel
Die drei ??? - Band 200 - Feuriges Auge,Grphik Novel
Käpt'n Sharky - bi de Wikinger,"Langreuter, Jutta"
Käpt'n Sharky - Abentüür in de Felsehöhli,"Langreuter, Jutta"
Pumuckl Abenteurgeschichten,"Kaut, Ellis"
Die drei !!! - Band 064 - Der Graffiti Code,Peter Nisson und Hartmut
TKKG Junior - Band 011 - Rote Karte für Betrüger,"Brügger, Katja"
Fünf Freunde - Band 134 - und die unheimliche,"Blyton,Enid"
TKKG - Band 213 - Das Unheimliche Dorf,Stefan Wolf
Globi - Band 090 - im Spital,"Koller, Boni"
Die drei !!! - Band 066 - Tanz der Herzen,Nissen Peter
Die drei ??? - Sonderband - und der dreiäugige,Lending Hernrik
Benjamin Blümchen - Band 144 - Der Zuckerstückchen-,"Andreas, Vincent"
Fünf Freunde - Band 135 - und die verdächtige Ölfirma,Blyton Enid
Käpt'n Sharky - das Geheimnis der Schildkrötenkönigin,"Nicolai, Thomas"
Die drei ??? - Band 203 - Tauchgang ins Ungewisse,
Der kleine Drache Kokosnuss - erforscht die Piraten,"Siegner, Ingo"
Bibi & Tina - Die junge Schäferin,"Dittrich, Markus"
In der Natur mit Pettersson und Findus,"Koch, Dieter"
Benjamin Blümchen - Band 030 - Gute Nacht-,"Andreas, Vincent"
Bibi & Tina - Reiten verboten!,
TKKG - Band 214 - Diamantenrausch auf der A9,Wolf Stefan
Globi - Band 087 - und die verrückte Maschine,"Müller, Walter Andreas"
Globi - Band 009 - im Märchenreich,"Müller, Walter Andreas"
Globi - Band 080 - und die Pirateninsel,"Müller, Walter Andreas"
Globi - Band 091 - auf der Alp,"Frick, Daniel"
Die drei ??? Kids - Band 075 - Der Fussball- Roboter,
Papa Moll - Band 033 - der Detektiv,
Jim Knopf und die Wilde 13,"Ende, Michael"
Jim Knopf und Lukas der Lokomotivführer,"Ende, Michael"
TKKG Junior - Band 013 - Das verpfuschte Gemälde,Benjamin Tannenberg
Die drei ??? Kids - Schrottplatz in Gefahr - Band 078,Ulf Blanck
Die drei !!! - Gefahr im Netz - Band 068,Peter Nissen
Die drei !!! - Band 069 - Nacht der Wölfe,Peter Nissen
Die drei !!! - Gefahr im Netz - Band 068,Peter Nissen
Sternenschweif - Band 053 - Magisches Einhornturnier,"Chapman, Linda"
Die drei !!! - Band 070 - Gefährliches Spiel,Peter Nissen und Hartmund
TKKG Junior - Band 014 - Eisige Diamanten,Stefan Wolf
TKKG Junior - Band 016 - Trügerischer Paddelspass,Stefan Wolf
Fünf Freunde - Band 138 - am Ende der Welt,Enid Blyton
Fünf Freunde - Band 139 - und die Geisterstadt,Enid Blyton
Bibi & Tina - Ärger mit dem Grafen,"Dittrich, Markus"
Bibi Blocksberg - Band 137 - Ein verrückter Ausflug,"Riedl, Doris"
Die drei ??? Kids - Band 080 - Gefährlicher Nebel,Ulf Blanck
Papa Moll - Band 032 - In der Werkstatt,"Krejci, Kamil"
Der kleine Drache Kokosnuss - bei den Römern,"Siegner, Ingo"
TKKG Junior - Band 015 - In den Fängen der,Stefan Wolf
TKKG - Band 217 - Tödliche Klarinette,Stefan Wolf
TKKG - Band 216 - Das Geheimnis im Jadgschloss,Stefan Wolf
Käpt'n Sharky - Der Piratenkönig,"Nicolai, Thomas"
Fünf Freunde - Band 140 - und das geheimnisvolle Licht,Enid Blyton
Fünf Freunde - Band 141 - und das rätselhafte Spukhaus,Enid Blyton
Die drei ??? - Band 209 - Kreaturen der Nacht,Robert Arthur
Die drei ??? - Band 208 - Kelch des Schicksals,Robert Arthur
Die drei ??? - Band 207 - Die falschen Detektive,Robert Arthur
Die drei !!! - Kuss der Meerjungfrau - Band 072,Mira Sol
Die drei !!! - Gefahr in den Ruinen - Band 071,Mira Sol
Die drei !!! - Legende der Einhörner - Band 073,
Der kleine Wassermann - Die kleine Hexe - Das kleine,Otfried Preussler
Der kleine Drache Kokosnuss - erforscht die Wikinger,"Siegner, Ingo"
Der kleine Drache Kokosnuss - reist um die Welt,"Siegner, Ingo"
Die drei ??? Kids - Band 084 - Tatort Skater-Park,
TKKG Junior - Band 018 - Stimmen aus dem Jenseits,
Sternenschweif - Band 057 - Geheimnis der Sonne,"Speulhof, Barbara van den"
Conni und die Ponyspiele,"Billerbeck, Ludger"
Globi - Band 092 - und Roger,
Die drei !!! - Rätsel der Vergangenheit - Band 074,
TKKG Junior - Band 017 - Oskar in der Falle,
Sternenschweif - Band 058 - Ein Zuhause für Streuner,"Speulhof, Barbara van den"
Bibi & Tina - Die Schlossrenovierung,
Kleiner Eisbär - Lars und die Pandabären,
Fünf Freunde - Band 143 - und die verschwundene,
Die drei ??? - Band 212 - und der weisse Leopard,Robert Arthur
Die drei ??? - Band 211 - und der Jadekönig,Robert Arthur
TKKG - Band 220 - Attentat am Gämsengrat,Martin Hofstetter
Fünf Freunde - Band 144 - und die grosse Meuterei,Enid Blyton
TKKG - Band 219 - Terror frei Haus,Martin Hofstetter
Bibi & Tina - Getrennt auf heißer Spur!,"Gürtler, Stephan"
Bibi Blocksberg - Band 139 - Chaos am Flughafen,"Bornstädt, Matthias von"
Die drei ??? Kids - Band 086 - Riesen in Rocky Beach,
Die drei ??? Kids - Falscher Alarm - Band 085,
TKKG Junior - Band 020 - Die gestohlene Stimme,
TKKG Junior - Band 021 - Der Fluch der Mumie,
WAS IST WAS Junior - Was macht die Feuerwehr?,"Strunck, Angela"
WAS IST WAS - Die Welt der Pferde,"Wehrmann, Nele"
Der kleine Drache Kokosnuss erforscht die Steinzeit,"Siegner, Ingo"
Käpt'n Sharky - der Schatz der Piratenkönige,"Langreuter, Jutta"
CD Hörspiel: Käpt'n Sharky - Das magische Schiff,"Langreuter, Jutta"
"Die drei !!! - Band 077 - Achtung, Gaunerzeichen",
Die drei !!! - #Falscher Ruhm - Band 076,
Bibi & Tina - Das Pflegepferd,"Dittrich, Markus"
TKKG - Band 221 - Beim Raubzug helfen Ahnungslose,
Fünf Freunde Junior - Band 001 - Der unsichtbare Dieb,"Blyton, Enid"
Die drei ??? - Band 214 - und die drei Geisterbunker,
Fünf Freunde - Band 146 - und die verdächtige,
Fünf Freunde - Band 145 - und die Suche nach dem,
Bibi Blocksberg - Band 141 - Mit Papi allein zu Haus,
Bibi Blocksberg - Band 140 - Alles voll verhext,"Bornstädt, Matthias von"
TKKG - Band 222 - Roter Drache,
Die drei ??? - Band 215 - und die verlorene Zeit,
Die drei !!! - Band 080 - Ein echt schöner Fall,
Fünf Freunde junior - Drei Abenteuer,"Blyton, Enid"
Die drei ??? - Band 216 - Die Schwingen des Unheils,
Die drei ??? Kids - Band 089 - Im Geistergarten,
Der kleine Drache Kokosnuss in Australien,"Siegner, Ingo"
Die drei !!! - Band 079 - Vier Pfoten in Gefahr,
Bibi & Tina - Club der geheimen Reiter,"Dittrich, Markus"
Sternenschweif - Band 061 - Funkelnde Sternennacht,"Speulhof, Barbara van den"
TKKG junior - Band 024 - Das doppelte Klösschen,
Geolino mini - Alles über Vulkane,"Ronte, Jana"
WAS IST WAS Junior - Geheimnisse unter der Erde,"Schreuder, Benjamin"
Fünf Freunde - Band 149 - und der Schatz in der,
Bibi Blocksberg - Band 144 - Der Klimawettbewerb,"Weigand, Klaus-Peter"
Die drei ??? Kids - Band 088 - Schatz aus dem All,
TKKG - Band 224 - Bilderdiebe haben kein Gesicht,
Käpt’n Sharky und das Geheimnis der Schatzinsel,Jutta Langreutner
Die drei ??? Kids - Invasion der Fliegen,Ulf Blanck
Der kleine Drache Kokosnuss,Martin Baltscheit
"Minion - Ich, einfach unverbesserlich",Achim Schulke
Bibi & Tina - Die Waschbären sind los,Markus Dittrich
Bibi Blocksberg - Die grosse Hexenparty,Klaus-Peter Weigland
Yakari - Best of Yakari,Thomas Karallus
Der Räuber Hotzenplotz,Ottfried Preussler
TKKG Junior - Giftige Schokolade,Frank Gustavus
TKKG Junior - Auf frischer Tat ertappt,Sebastion Fitzner
TKKG Junior - Vorsicht: Bissig!,Sebastion Fitzner
Fünf Freunde und die doppelte Erfindung,Enid Blyton
Fünf Freunde und die verlassene Jagdhütte,Enid Blyton
Was ist was - Raumfahrt / Der Mond,Manfred Baur
Stockmann,Axel Scheffler
Bibi Blocksberg - Der Affe ist los,K.P. Weigand
Die drei ??? Kids - Band 090 - Flug ins Nichts,Ulf Blanck
Die drei ??? - Band 219 - Die drei ??? und die,Ben Nevis
Die drei ??? - Band 220 - Im Wald der Gefahren,André Marx
Die drei ??? Kids - Band 091 - Gefahr im Spiegelkabinett,Ulf Blanck
Die drei !!! - Band 081 - Geheimnis im Spukhotel,Christoph Guder
Die drei !!! - Band 082 - Das Konfetti-Komplott,Christoph Guder
Papa Moll und seine Berufe CD,
Globi - Band 096 - bei den Yaks,"Müller, Walter Andreas"
Kurzgeschichten von Blanca Imboden,Blanca Imboden
Kurzgeschichten von Sunil Mann,Sunil Mann
Kronberg,"Bucher, Karin"
Kasperli - Es hät en Dieb im Zoo! / D’Insle vom Pirat,
Die Biene Maja - Der Schmetterlingsball,
Paw Patrol - Der Piratenschatz,
Die Eiskönigin II,
Die Eiskönigin - völlig unverfroren,
GEOlino mini - Alles über die Arktis + Antarktis,"Ronte, Jana"
WAS IST WAS Junior - Die spannende Welt der Insekten,"Wakonigg, Daniela"
Fünf Freunde - Band 152 - und das Geheimnis der Kelly,
"TKKG junior - Band 026 - Achtung, Fahrraddiebe",
Ostwind - Rätsel um Piccola / Abenteuer in den Bergen,
TKKG - Band 225 - Tanz mit der Giftschlange,
Fünf Freunde - Band 150 - und der Verrat auf dem,
Sternenschweif - Band 064 - Das Tal der Wildpferde,"Speulhof, Barbara van den"
TKKG - Band 224 - Bilderdiebe haben kein Gesicht,
Bibi Blocksberg - Band 143 - Zurück zur Märcheninsel,"Weigand, Klaus-Peter"
WAS IST WAS - Im Reich der Dinosaurier,"Wehrmann, Nele"
Teufelskicker - Moritz macht das Spiel!,
Das Licht zwischen den Schatten,"Beck, Michaela"
TKKG junior - Band 028 - Tatort Zirkus,
"Pettersson und Findus - Mein Gartenjahr, Herbst & Winter","Strunck, Angela"
GEOlino mini - Alles über Haustiere,"Ronte, Jana"
Die Schule der magischen Tiere - Ach du Schreck!,"Auer, Margit"
Papa Moll im Campingfieber,
Die drei ??? - Band 223 - und der Knochenmann,
Fünf Freunde - Band 155 - und das Erbe der Lady,
Der kleine Drache Kokosnuss - Band 031 - Aufregung in,"Siegner, Ingo"
Die drei !!! - Band 084 - Luftballonküsse,
Die drei ??? Kids - Band 093 - Die Geistermühle,
Fünf Freunde junior - Band 008 - Drei Abenteuer,"Blyton, Enid"
Sternenschweif - Band 065 - Das verschwundene,"Speulhof, Barbara van den"
TKKG - Band 229 - Auf den Schwingen des Totenvogels,
Meine Freundin Conni - Conni backt Pizza / Conni lernt,
Bibi Blocksberg - Mami spielt verrückt,
Paw Patronl - Schneller als die Feuerwehr,
Der kleine Drache Kokosnuss,"Siegner, Ingo"
Was ist was - Wale & Delfine / Geheimnis Tiefsee,
TKKG Junior - Band 032 - Ein rätselhafter Einbruch,Brügger & Weibat
TKKG - Band 230 - Die Tesla-Verschwörung,"Hofstetter, Martin"
Die drei ??? Kids - Band 094 - Falsche Vampire,"Blanck, Ulf"
Die drei ??? - Band 224 - Die Yacht des Verrats,André Minninger
Der kleine Drache Kokosnuss und die wilden Piraten,"Siegner, Ingo"
TKKG - Band 231 - Knackis streicheln mit der Faust,"Hofstetter, Martin"
Grimm und Möhrchen - Ein Zesel zieht ein,"Schneider, Stephanie"
Die drei ??? Kids - Band 095 - Geheime Zeichen,Boris Pfeiffer
Sternenschweif - Band 068 - Alpaka in Not,"Speulhof, Barbara van den"
Teufelskicker - Band 101 - Der doppelte Norberger,Frank Nahrgang
Grimm und Möhrchen machen Pause von zu Hause,"Schneider, Stephanie"
Fünf Freunde - Band 158 - und das verlorene Mass,Katrin McClean
Fünf Freunde - Band 159 - und das riesige Reptil,Katrin McClean
Pumuckl - Band 001 / 002 - Koboldgesetz / Pumuckl,"Strunck, Angela"
Die drei ??? - Band 225 - und der Puppenmacher,"Minninger, André"
Was ist was - Feuerwehr - Wasser marsch!,"Zimmermann, Carolina"
Gregs Tagebuch - Band 015 - Halt mal die Luft an!,"Kinney, Jeff"
Pinocchio und der Wind in den Weiden,Nils Holgersson
Pettersson und Findus - Wie Findus zu Pettersson kam,"Nordquist, Sven"
Pettersson und Findus - Findus und der Hahn im Korb,"Nordquist, Sven"
Tinkerbell,Walt Disney
Pettersson und Findus - Abenteuer mit Pettersson und,"Strunck, Angela"
Die neugierige kleine Hexe,"Baeten, Lieve"
Alice im Wunderland / Moby Dick / Das Dschungelbuch,
Michel aus Lönneberga,
Paw Patrol - Rettung für T-Rex,
Paw Patrol - Jungle Pups: Sky,
Bibi & Tina - Band 112 - Geheimnis hinter dem Wasserfall,
Was ist was - Entdecke die Erde,"Wehrmann, Nele"
Die drei ??? Kids - Band 097 - Die Fragezeichen-Falle,
Pumuckl - Werkstatt in Gefahr / Pumuckl und das Pferd,
Teufelskicker - Band 104 - Tick-Tack-Taktik!,
Sternenschweif - Band 069 - Das Filmpony,"Speulhof, Barbara van den"
Die drei ??? - Band 229 - Drechbuch der Täuschung,
TKKG - Band 233 - Räuberwald,
TKKG Junior - Band 034 - Die Jagd nach dem Phantom,
Pumuckl - Band 7/8 - Pumuckl geht angeln / Pumuckl,
Fünf Freunde - Band 162 - ...und die Legende vom,
Der kleine Drache Kokosnuss und der schwarze Ritter,"Siegner, Ingo"
Der kleine Drache Kokosnuss erforscht die Ritter,"Taube, Anna"
Die drei !!! - Band 089 - Der Fluch der Fee,
Benjamin Blümchen - Band 163 - Die Drehorgel,
Petterson und Findus - Findus kunterbunte Werkstatt,"Eichler, Ishel U."
Fünf Freunde Junior - Band 010 - Ein aufregender,
Prinzessin Lillifee - im Garten der Düfte,"Schönsee, Mathias"
Fünf Freunde Junior - Band 009 - Rettung für Timmy,
Bibi Blocksberg - Band 158 - Der fliegende Bürgermeister,
Pumuckl - Band 006 - Pumuckl und die Spinne,
TKKG Junior - Band 036 - Der rätselhafte Brandstifter,
Die drei ??? Kids - Band 099 - Football-Falle,
Die drei ??? Kids - Band 098 - Die Geisterpferde,
TKKG Junior - Band 035 - Die Schoko-Erpressung,
Bibi & Tina - Band 117 - Die Westernreitferien,"Dittrich, Markus"
Fünf Freunde Junior - Band 007 - Das Ungeheuer von,
Globi bei der Müllabfuhr,
Sternenschweif - Band 072 - Das Geheimnis der Wölfe,"Speulhof, Barbara van den"
Sternenschweif - Band 071 - Das verzauberte Bild,"Speulhof, Barbara van den"
Teufelskicker - Band 105 - Unfair Play,
Teufelskicker - Band 106 - Klick-Konter!,
Fünf Freunde - Band 164 - und das gestohlene Pferd,
Fünf Freunde - Band 165 - und das Unglück am,
Die drei !!! - Band 091 - Geburtstagsdiebe,
Die drei !!! - Band 090 - Mission Gipfelglück,
Die drei ??? - Band 231 - und der Dreiäugige Schakal,
TKKG - Band 235 - Ein Gruselfest für ein Vermögen,
TKKG - Band 236 - Schatten aus der Unterwelt,
Die Schule der magischen Tiere 3,"Baumgartner, Andrea"
Die drei ??? - Band 232 - Die Stadt aus Gold,
Vaiana 1,
Vaiana 2,
Die neue Häschenschule,
Pippi Langstrumpf,
Bibi & Tina - Die verlorene Freundschaft,
Bibi & Tina - Die Heu-Krise,
Robin Hood - Die Schatzkiste,
Aladdin,
Globis verrückte Abenteuer Hörfigur,
"Schwapp, der Geheimschleim – Band 3 - Ein","Schilp, Tina"
Die drei ??? Kids - Band 086 - Riesen in Rocky Beach,
Der kleine Drache Kokosnuss - fröhliche Weihnachtszeit,"Siegner, Ingo"
Teufelskicker - Band 107 - Ganz oben!,
Papa Moll und das Unwetter,
Benjamin Blümchen - Band 165 - Der Paradiesvogel,
Bibi Blocksberg - Band 160 - Spuk auf Schloss,"Schlecht, Sebastian"
Globine fährt ans Meer CD,
Der kleine Drache Kokosnuss erforscht die Ozeane,"Siegner, Ingo"
Prinzessin Lillifee - Mein zauberhaftes Tierhotel (05),"Schönsee, Mathias"
Fünf Freunde - Band 167 - und der Streit um die,
TKKG Junior - Band 037 - Das Geheimnis der Pirateninsel,
TKKG - Band 238 - Nur Tote schlafen länger,
Die drei !!! - Band 093 - Abenteuer-Küsse,
Die drei ??? - Band 233 - Die Nacht der Gewitter,
Lieselotte - Warten auf Weihnachten mit Lieselotte,"Steffensmeier, Alexander"
Fünf Freunde - Band 168 - und die verlorene Zeit,
Die drei ??? - Band 234 - und der lebende Tresor,
Die drei !!! - Band 094 - Unheimliches Meeresleuchten,
Die Biene Maja - Majas Geburt,
Die Biene Maja - Der Schmetterlingsball,
Disney: Lilo & Stitch,
Ich einfach unverbesserlich (4),
Geolino mini - Alles über Vulkane,
Geolino mini - Alles über Sterne & Planeten,
Geolino - Alles über die Arktis & Antarktis,
Geolino - Alles über Meere & Ozeane,
Tierisch! - Beste Freunde - Katzen,
Tierisch! - Beste Freunde - Hunde,
Tierisch! - Beste Freunde - Pferde,
Tierisch! - Beste Freunde - Camäleons,
TKKG Junior - Band 038 - Schock im Bienenstock,
Fünf Freunde Junior - Band 012 - Die grosse Schatzsuche,
Fünf Freund Junior - Band 011 - Die geraubte Rose / Die,
Die Schule der magischen Tiere (ermittelt) - Das Biber-,"Ruyters, Judith"
Marius & die Jagdkapelle - D Lieder zum Noteheft,
Zoomania 2,
Hanni und Nanni - Band 002 - Freundinnen für immer,
Hanni und Nanni - Band 001 - Warum denn,
"Pumuckl - Band 18, 19 und 20",
Die Schule der magischen Tiere - Land unter!,
Fünf Freunde Junior - Band 014 - Der,
Fünf Freunde - Band 169 - und der Diebstahl im,
Die drei ??? Kids - Band 101 - Geistermusik,
Bibi & Tina - Band 122 - Holger in love,"Haslehner, Anna"
Gregs Tagebuch 20 - Bock auf Party?,"Kinney, Jeff"
Asterix & Obelix - Asterix in Lusitanien,
Benjamin Blümchen - Band 167 - Der Meisterdetektiv,
Die drei !!! - Band 096 - Abenteuer Afrika,
Bibi Blocksberg - Band 162 - Der verhexte Eulenstaub,"Riedl, Doris"
Conni und das Fussballcamp,
Petronella Apfelmus - Zaubertricks und Maulwurfshügel,"Städing, Sabine"
Die Zauberkicker - Band 006 - #fussballverrückt,"Wehrhan, Michael"
Die Schlümpfe - Wer ist heftiger?,
Der Grüffelo und das Grüffelokind,
Lichterkinder - Die besten Weihnachts- und Winterlieder,
Das Dschungelbuch,
Peppa Pig und das neue Baby,
Peppa Pig - Meine Geburtstagsparty,
Yakari - Best of Regenbogen,
Die Schlümpfe - Ein tollpatschiger Held,
Pippi Langstrumpf geht an Bord,
"Checker Tobi - Klima, Wald, Wasser",
"Checker Tobi - Freude, Wut, Traurigkeit",
"Checker Tobi - Smartphone, Internet, Social Meda",
"Checker Tobi - Viren, Fitness, Vitamine",
Der Appenzeller Sennenhund,"Steiner, Yvonne"
Chome gaad,"Fuchs, Mädel"
Das Flugzeug,"Grant, Donald"
Fröhliche Weihnachtszeit,"Cratzius, Barbara"
Kinderleichtes Weihnachtsbasteln,"Pfeiffer, Christina"
250 Jahr Gemeinde Stein AR,"Gieseler, Corinna"
Appenzeller Sprachbuch,"Sonderegger, Stafan"
Rom,"Galli, Max"
Das Schneeschuh Buch,"Kisch, Sven"
Was wäscht der Waschbär?,"Berger, Ulrike"
Mein grosses Weihnachtsbastelbuch,"Bock, Erika"
Die Kürbisfibel,"Brancucci, M"
Das grosse Kürbisschnitzbuch,"Schultze, W"
Die Bauernhäuser beider Appenzell,"Hermann, Isabel"
Wie leben die Tiere im Winter,"Sairigné, Catherine de"
Mit Kindern in den Wald,"Saudhof, Kathrin"
Ich und meine Gefühle,"Kreul, Holde"
"Ich kenn dich nicht, ich geh nicht mit!","Apenrade, Susa"
Oriental Basics,"Schinharl, Cornelia"
Religionen der Welt,"Stiegler, Holger"
Die grosse Wut,"Hanhart, Rudolf"
Der Regenwurm,"Tracqui, Valérie"
Pilzführer Schweiz,"Flück, Markus"
Helvetia,Frei Iris Lydia
GEO - Unsere Erde,"Gieseler, Corinna"
Gemüse,"Ernsten, Svenja"
Der Luchs,"Gutjahr, Axel"
Der kleine Fuchs und die Tiere im Wald,"Reichenstetter, Friederun"
"WAS IST WAS - Bauernhof - Tiere, Pflanzen und","Hackbarth, Annette"
GEO - Unsere Erde,"Gieseler, Corinna"
GEO - Unsere Erde,"Gieseler, Corinna"
Wo kommst du her?,"Härdin, Sonja"
Greifvögel & Eulen,Parry-Jones Jemima
Der Schmetterling,"Tracqui, Valérie"
Klettern,"Perwitzschky, Olaf"
Meditation,"Mannschatz, Marie"
Die schönsten Reise-Routen in Italien,"Migge, Thomas"
Alpfahrt,Piontek Franz-Norbert
Mein Atlas der Welt,"Delalandre, Benoit"
Der grosse Ravensburger Naturführer,diverse
Amphibien,diverse
Wie werde ich Geheimagent in nur 7 Tagen,"Smith, Justine"
Neue Papiermasken,"Schröder, Martina"
Klemmentinis für Kinder,"Milan, Kornelia"
Versunkene Welten,"Toll, Claudia"
Kräne,"Star, Fleur"
Kochen,"Wilkes, Angela"
Enzyklopädie der Weltreligionen,diverse
Adventskalender,diverse
Wanderparadies Appenzellerland,"Steiner, Marcel"
Weihnachtliche Grusskarten,"Utermarck, Birgit"
Snowboard Freestyle,"Rottmann, Alexander"
Baumhäuser selbst bauen,Stiles David + Jeanie
Ratten,"Langos, Andrea"
Rettungspilot,"Lötscher, Toni"
Spiele selber basteln,"Lang, Irmgard"
Papierflugzeuge,"Robinson, Nick"
Mach dein eigenes Buch,"Wiatrowski, Tonia"
Skateboard,"Richards, Jon"
Mount Everest,"Nielsen, Maja"
13 Bauwerke die du kennen solltest,"Roeder, Annette"
100 Spiele im Dunkeln,diverse
Der Weltraum,"Barnett, Alex"
Indianer Expetition Wissen,diverse
Baumstarke Minis,"Schröder, Martina"
Drachen bauen,"Mula, Massimo"
Bike Fahrtechnik,"Meyer, Holger"
Indien Basics,"Dusy, Tanja"
Weihnachtliche Faltideen,"Täubner, Armin"
So werde ich gross Panda,"Fleur, Star"
So spannend ist die Welt im Weltraum,"Hopf, Kurt"
Frag mich was - Vulkane,"Röscher, Michael"
Indianer,"Kohlhammer, Michael"
Esel,"Jansen, Greta"
Unser neuer Hund,"Fogle, Bruce"
Kanada,diverse
Was blüht denn da ?,"Aichele, Dietmar"
Der Baum,de Bourgoing Pascale
Wieso Weshalb Warum - Der Wald,
Mumien,diverse
Appenzellische Volksmusik,"Manser, Joe"
Und plötzlich sind sie 13,Arp Claudia u. David
Die schönsten Schweizer Ausflugsziele für,"Bernet, Ralph"
Hühner halten artgerecht und natürlich,Schiffer Katrin Juliane
Schwingen,"Renggli, Thomas"
Was ist was - Kriminalistik,"Köthe, Rainer"
Freude am Garten in Herbst und Winter,"Weidenweber, Christine"
Die 66 verrücktesten Tierstimmen der Welt,"Ludwig, Mario"
"Spielen, Bewegen, Selbermachen",Stöcklin-Meier Susanne
Snowboarden mit Kindern und Jugendlichen,Hebbel-Seeger Andreas
So funktioniert dein Superhirn,"Woodward, John"
Die Stadt,"Kent, Peter"
Wie Menschen wohnen,"Wood, Tim"
Kleiner Sprachatlas der deutschen Schweiz,"Christen, Helen"
Was Jungs wissen wollen,diverse
Skandinavien,diverse
Meyers Länderlexikon für Kinder,diverse
Wohnen in fernen Ländern für Kinder erzählt,Lénars Charles und Josette
Heimwerken für den Garten,"Bishop, Peter"
Blütenwanderungen in der Schweiz,"Joss, Sabine"
Globis Buch vom Schweizer Brauchtum,"Alves, Katja"
For Girls and Boys,diverse
Die schönsten Velotouren Band 1 - Alpen,"Gohl, Ronald"
Die schönsten Velotouren Band 2 - Mittelland,"Gohl, Ronald"
Delfine und Wale,"Demay, Eric"
Wanderparadies Toggenburg,"Steiner, Marcel"
Ostschweiz Nachmittags-Ausflüge,"Bernet, Ralph"
Greifvögel & Eulen,"Viering, Kerstin"
Lernen geht anders,"Largo, Remo H."
Das etwas andere Nähbuch,"Treffry, Poppy"
Kochbuch für Kinder,diverse
Raum für Kinder,"Scarborough, Sam"
Auf zur Schweiz,"Nappey, Grégoire"
Grundschulwissen Experimente,diverse
Eltern Coaching,"Juul, Jesper"
Frag mich was - Feuerwehr,"Piel, Andreas"
Pferde und Reiten,"Dickins, Rosie"
Das Kosmos-Buch der Technik,diverse
Memo Wissen entdecken - Pflanzen,"Burnie, David"
Jugendjahre,"Largo, Remo H."
Wie lebten die Menschen früher ?,diverse
Kinder machen Weihnachtssachen,"Woram, Catherine"
Weihnachts-Inspirationen,diverse
Zisch Blubber Knall,"Watt, Fiona"
Arktis und Antarktis,"Mack, Lorrie"
Wüste,"Fleur, Star"
Wanderparadies Ostschweiz,"Steiner, Marcel"
Schlank und gesund mit Säften & Smoothies,"Bailey, Christine"
Asche und Blüten,"Spirig, Janine"
Augenweiden,"Haefeli, Alfred"
In meinem Garten,diverse
Lucky Paper,"Täubner, Armin"
Solarenergie,diverse
Spuren lesen,"Melbeck, David"
Alles was Angst macht,"Levy, Joel"
"Baumhaus, Brücke, Wasserrad","Dalalandre, Benoit"
Gefährliche Berufe,Thomazeau Anne-Marie
Tiere im Winter,Saan Anita van
Kinderkostüme selber nähen,"Hardy, Emma"
Werken mit dem Taschenmesser,"Immler, Felix"
"Die etwas gelassenere Art, Mutter zu sein","Volkwein, Barbara"
Survival,"Towell, Colin"
Homöopathie,"Rissel, Roger"
Bergvölker,"Messner, Reinhold"
Garten-Deko aus Beton selbstgemacht,"Nilsson, Malin"
Erfindungen,"Bingham, Caroline"
Die Schnecke,"Starosta, Paul"
Eisenbahnen,"Beaumont, Emilie"
Der kleine Biber und die Tiere am Fluss,"Reichenstetter, Friederun"
Die Schnecke,De Hugo Pierre
Der Marienkäfer,"Pérols, Sylvaine"
Der Hamster,"Starosta, Paul"
Der Hund,"Tracqui, Valérie"
"Smartphones, Games & Internet","Gifford, Clive"
Das grosse Landfrauen Backbuch,diverse
Das Weihnachtsdeko-Buch,"Graumann, Katja"
Natürlich Weihnachten feiern,"Goldsmith, Sheherazade"
Neuseeland,"Heeb, Christian"
Flugmaschinen,"Nahum, Andrew"
"Traktor, Bagger & Laster","Haldane, Elizabeth"
1414,"Schläpfer, Franziska"
Appenzellerland,"Butz, Andreas"
Extrem Basteln,"Heidenreich, Franziska"
Wilder Westen,diverse
Zeitzeugnisse,diverse
Flucht aus Lager 14,"Harden, Blaine"
Entdecke die Rabenvögel,"Schmidt, Thomas"
Erlebnisreich Schweiz,"Lüscher, Erika"
Kochen mit Globi,diverse
Globis grosses Dessertbuch,diverse
Regenwald,diverse
Rennmäuse,"Steinkamp, Anja"
Memo - Das alte Ägypten,diverse
Kriegen das eigentlich alle ?,von Holleben Jan
Schnitzeljagd,"Delalandre, Benoit"
"Kompass, Mond und Sternenhimmel","Wendling, Milène"
Der Tiger,"Lédu, Stéfanie"
Wiesenblumen,"Ernsten, Svenja"
Die coolsten Schülerwitze der Welt,diverse
Wölfe,"Meyer, Mira"
Näh mit!,"Andresen, Ina"
Kinder Bastelbuch Naturmaterial,diverse
Nützlingsquartiere,"Biermaier, Monika"
Auf stillen Wegen an starke Orte,"Staffelbach, Heinz"
Natürlich Weihnachten,"Auenhammer, Gerlinde"
Der Schweizerische Nationalpark und das Val Müstair,"Staffelbach, Heinz"
Der Wolf,"Havard, Christian"
Mit Spatz und Star durchs ganze Jahr,"Oftring, Bärbel"
Die Maus,"Frattini, Stephane"
Der kleine Maulwurf und die tiere unter der Erde,"Reichenstetter, Friederun"
Finger Abdrücke,Curto Rosa M.
The Lazy Gardener,"Vetter, Remo"
Ritter und Burgen,diverse
Töpfern,"Atkin, Jacqui"
Die Orts- und Flurnamen des Landes Appenzell,"Sonderegger, Stafan"
Alpen Rhein Bodensee,"Keller, Oskar"
Frühlingsdeko mit Naturmaterialien,diverse
Es fliesst und fliesst und fliesst,"König, Christina"
Frag mich was - Ritter,"Piel, Andreas"
Erste Experimente rund ums Wasser,"Michel, Christoph"
Schafe,"Kupitz, Gunthild"
Platzspitzbaby,"Halbheer, Michelle"
Kaninchen,"Toll, Claudia"
Hühner halten im Garten,"Baldwin, Suzie"
Entdecke die Papageien,"Schmidt, Thomas"
Memo - Katzen,Clutton-Brock Juliet
Piccard,"Dieminger, Susanne"
Der grosse Welt-Atlas,"Adams, Simon"
80 Weltkarten zum Staunen,diverse
Kunst aus Büchern,"Thompson, Jason"
Memo Wissen entdecken - Das alte Rom,"James, Simon"
Fuchs ganz nah,"Echle, Klaus"
Das Witzebuch,"Checker, Can"
Kürbis schnitzen,"Dawidowski, Marion"
Optische Täuschungen,diverse
Was ist was - Die sieben Weltwunder,diverse
Kleine Taschen,"Abel, Saskia"
Entdecker,"Kespert, Deborah"
Massage,"Costa, Larry"
Vegan,diverse
Hoher Norden,"Gilardini, Daisy"
Tolle Sachen zum Verschenken,diverse
Kinder machen Recyclingsachen,"Hardy, Emma"
Memo - Urzeit,
Memo - Skelette,diverse
Kuchen am Stiel,diverse
Lilly Langenegger,"Manser, Ruth"
Entdecke die Pferde,"Hornung, Stephanie"
Was ist was - Religionen,"Gorgas, Martina"
Glitzernde Weihnachten,"Morgenthaler, Patricia"
Memo Wissen entdecken - Insekten,"Mound, Laurence"
Entdecke die Fledermäuse,"Grimmberger, Eckhard"
Weihnachtliches Schatzkästchen,"Barnholt, Hege"
Was ist was Hunde,"Paxmann, Christine"
Südafrika,diverse
Der Alpstein,"Büchler, Hans"
Das grosse Forscherbuch vom Körper,"Stuchtey, Sonja"
Memo Wissen entdecken Kids - Der Mensch,"Stamps, Caroline"
Memo Wissen entdecken Kids - Grosse und kleine,"Walker, Sarah"
Das Huhn,"Havard, Christian"
Der Igel,"Tracqui, Valérie"
Die Eule,"Poschadel, Jens"
"Wieso Weshalb Warum - Alles über Laster, Bagger und","Erne, Andrea"
Matterhorn,"Lauber, Kurt"
Geschenke im Glas selbstgemacht,"Diepolder, A"
Nisthilfen,"Hofmann, Helga"
Hochbeet - Gärtnern,Nüsslein-Müller Susanne
Darm mit Charme,"Enders, Giulia"
Die 12 Salze des Lebens,"Wolffskeel von Reichenberg,"
Kreativbuch für wilde Kerle & mutige Mädchen,"Naimer, Katharina"
"9 Autos, oder was deine Knochen tragen können",diverse
I häb scho döri,Hehli - Bischofberger Migg
Landschildkröten,"Wilke, Hartmut"
Unsere ersten Enten,Gomringer Anne-Kathrin
Frisuren für Prinzessinnen,"Diekmann, Jutta"
einfach süss!,diverse
Was ist was - Piraten,"Finan, Karin"
Was ist was - Feuerwehr,"Finan, Karin"
Was ist was - Mode,"Paxmann, Christine"
Was ist was - Geheimnis Tiefsee,"Baur, Manfred"
Memo Wissen entdecken - Spione,diverse
So wirst du ein Mathegenie,diverse
Was ist was - Bienen und Wespen,"Rigos, Alexandra"
Entdecke die Pinguine,"Schmidt, Thomas"
Das Unesco Welterbe,diverse
Dreh deinen Film,Iland-Olschewski Barbara
Dreh deinen Film,"Kussmaul, André"
Bergfieber,"Schwegler, Daniela"
Low Carb für Faule,"Kintrup, Martin"
Gummi Boot Führer Schweiz,"Eberle, Iwona"
Alles über Raubkatzen,"Carney, Elizabeth"
"Memo - Reptilien - Schlange, Krokodile und Echsen","Holland, Simon"
Der Waschbär,"Gutjahr, Axel"
Die Katze,"Frattini, Stephane"
Der Braunbär,"Tracqui, Valérie"
"Feuer! Vulkane, Drachen und andere Feuerspucker","Köller, Kathrin"
Weihnachtsdeko aus Aludraht,"Eder, Elke"
Winterzauber,"Rogge, Anne"
Willkommen in der Weihnachtswerkstatt,"Bull, Jane"
Weihnachten,"Watt, Fiona"
Die Alpen in Appenzell Ausserrhoden,"Eugster, Hans"
Daa isch de Tuume,"Ferrari, Esther"
Säntis,"Kälin, Adi"
Heimische Tiere - Entdecke über 350 Arten,"Haag, Holger"
Die Organuhr,"Hemm, Dagmar"
Schweiz,"Czupryn, Adriana"
Die schönsten Höhenwege der Schweiz,"Hintermeister, Ueli"
Vertical Gardening,"Kullmann, Folko"
Mein Kräuter- und Heilpflanzen-Garten,diverse
Wildpflanzen,"Nentwig, Celia"
Älterwerden für Anfängerinnen,"Aeschbach, Silvia"
So war es,"Sturzenegger, Elsa"
Paleo für Faule,"Kintrup, Martin"
Wie ist das mit der Liebe?,van der Doef Sanderijn
Der Kreative Tisch,"Guelpa, Emilie"
Vögel auf Weltreise,"Daugey, Fleur"
Memo . Arktis & Antarktis,"Taylor, Barbara"
Lebende Weidengeflechte im Garten,"Gro, Vibe"
Total alles über die Schweiz,"Sitzler, Susann"
Chronik der Schweiz,"Budde, Berthold"
Gotthard,"Stalder, Helmut"
Wieso Weshalb Warum - Wir entdecken die,"Nieländer, Peter"
Wieso Weshalb Warum - Die Ritterburg,"Trapp, Kyrima"
Wieso Weshalb Warum - Der Bauernhof,"Reider, Katja"
Mein Sommer mit den Pandas,"Buller, Laura"
Wie kleine Igel gross werden,"Reichenstetter, Friederun"
"Wohin fliegst du, kleine Fledermaus?","Reichenstetter, Friederun"
Der Dachs,"Sassie, Christine"
Expedition zum Mars,"Kindersley, Dorling"
Brot,"Armbrust, Bernd"
Winterzauber,"Rogge, Anne"
Life in Balance,"Hay, Donna"
Sternenzauber,"Mächel, Rosemarie"
Die Eigensprache der Kinder,"Bindernagel, Daniel"
"Die Kuh, die weinte","Brahm, Ajahn"
Bildlegenden,"Keller, Stefan"
"Was wir tun, wenn der Aufzug nicht kommt","Berlin, Katja"
"Make, bake, cookies",diverse
Mein Sternenhimmel,"Küntzel, Karolin"
Giganten der Urzeit,"Pöppelmann, Christa"
Holocaust,Gluck Wood Angela
Memo - Der Erste Weltkrieg,"Adams, Simon"
Ganz schön aufgeklärt !,"Müller, Jörg"
"Eule, Fuchs und Fledermaus","Müller, Thomas"
Sisi,"Strauss, Nadine"
"Kurtisanen, Konkubinen & Mätressen","Sichtermann, Barbara"
"Entdecke, was dir schmeckt",Leitzgen Anke M.
Wildnis erleben,"Danks, Fiona"
Quiches & Tartes,diverse
Star Wars - Die Abenteuer von BB-8,"Fentiman, David"
Up-Cycling,
Schminkhits für Kids,"Tronser, Petra"
Naturzauber Frühling,"Pedevilla, Pia"
Kreativ mit Kieselsteinen,"Björnson, Lis Anna"
Pflanzenschutz- und Düngemittel,"Lapouge-Déjean, Brigitte"
Und dann kam Billy,"Booth, Louise"
Mix it - love it!,"Caldesi, Katie"
Unser Familien-Garten,"Widmayr, Christiane"
Löwenzahn und Löwenkraft,"Ruoff, Marianne"
Osse ond Inne,"Hug, Rudolf 1950-"
Farben des Frühlings,
Hormonelle Beschwerden pflanzlich behandeln,"Detloff, Karin"
Entdecke die Beuteltiere,"Proscurcin, Leonie"
So leben die kleinen Eichhörnchen,"Reichenstetter, Friederun"
Die kleine Meise und ihre Freunde,"Reichenstetter, Friederun"
Schau mal! Der Frosch,"Fischer-Nagel, Andreas"
Wieso Weshalb Warum - Alles über das Fahrrad,"Gernhäuser, Susanne"
Memo Wissen Entdecken Kids - Flüsse und Seen,"Larter, Sarah"
Wieso Weshalb Warum - Was passiert im Krankenhaus?,"Kreimeyer-Visse, Marion"
100 Top-Fussballer,"Dreisbach, Jens"
Loslassen,"Finke, Katharina"
Sonnenlüfte atmen,"Zopfi, Christa"
Kreative Naturdeko,"Breiter, Sandra Catherine"
Das wundersame Leben der Schmetterlinge,"Aston, Dianna"
Schätze der Erde,"Riha, Susanne"
WAS IST WAS - Ameisen und Termiten,"Rigos, Alexandra"
Alle Länder dieser Welt,"Croft, Malcolm"
Steine,"Green, Dan"
Beeren & Obst im Garten,"Adams, Katharina"
Salpetersieder und Bärentöter,"Hürlemann, Hans"
Silvesterchlausen,"Grubenmann, Marcel"
Oskar's grosses Gartenbuch,"Saan, Anita van"
Kinder-Kochbuch für kleine Feinschmecker,Janosch
Islamistische Drehscheibe Schweiz,"Keller-Messahli, Saïda"
Alarm im Dino-Museum,"Bays, Jason"
Loslassen,"Loetscher, Pirmin"
Tierische Wetterpropheten,"Michels, Bernhard"
Landluft,"Schwegler, Daniela"
Ich kann zaubern!,"Frack, Julius"
WAS IST WAS - Mond,"Baur, Manfred"
WAS IST WAS - Vulkane,"Baur, Manfred"
Die unsichtbaren Welten mikroskopisch kleiner Tiere,"Rajcak, Hélène"
Alles über Pferde,"Amler, Ulrike"
Labyrinthe,"Guignard, Théo"
Alles über Roboter,"Swanson, Jennifer"
Malala,"Frier, Raphaele"
Wieso Weshalb Warum - Woher die kleinen Kinder,"Rübel, Doris"
Entdecke Die Käfer,"Rossow, Frank"
Endecke Die Igel,"Klinger, Ralf"
Der Specht,"Zysk, Stefanie"
Verblüffende Fragen und Antworten aus Stadt und Land,"Berger, Ulrike"
die schönsten Berg- und Hüttenwanderungen mit,"Kundert, Remo"
"Erben, Schaden, Meiern","Widmer, Karin"
Sturz in die Tiefe,"Allmann, Gela"
Outdoor mit dem Taschenmesser,"Immler, Felix"
Der Traktor,"Valat, Pierre-Marie"
Die Tiere Afrikas,"Bour, Laura"
In der Mitte schlägt das Herz,"Prêtre, René"
Yoga,diverse
Zauberhafte Klangspiele im Material-Mix,"Walz, Inge"
KliKlaKlammerspass,"Hofman, Caroline"
Auf der Baustelle,"Mennen, Patricia"
Australien,Diverse
Wieso Weshalb Warum - Alles über Flugzeuge,"Erne, Andrea"
Die kleine Ente und ihre Freunde am See,"Riechenstetter, Friederun"
Radeln am Bodensee,"Müller, Wolfgang Amadeus"
Eine kurze Geschichte der Menschheit,"Harari, Yuval Noa"
Mein Zwerghamster zu Hause,"Dietz, Petra"
Das Conni Kochbuch,
Meerschweinchen,"Beck, Angela"
Smörgås - Gemeinsam gemütlich geniessen,"Dusy, Tanja"
Memo - Pferde,"Clutton-Brock, Juliet"
"100 Frauen, die die Welt verändert haben","Caldwell, Stella"
PapierZen,"Ebbert, Birgit"
WAS IST WAS - Pferde,"Behling, Silke"
WAS IST WAS - Ritter,"Schaller, Andrea"
Fussball verrückt,"Benton, Adam"
Memo - Der Zweite Weltkrieg,"Adams, Simon"
Der kleine Frosch und seine Freunde,"Reichenstetter, Friederun"
Grenzgängerin,"Binsack, Evelyne"
Handlettering A-Z,"Sy, Abbey"
Star Wars™ Episode VIII Die letzten Jedi. Raumschiffe,
Die coolsten Maschinen der Welt,"Hensel, Wolfgang"
Am Biberteich,"Sixt, Eva"
Ostschweizer Schluchtenbuch,"Brosy, Urs"
"Die tun nicht nichts, die liegen da und wachsen","Raffauf, Elisabeth"
Das wird dein Tag,"Niehoff, Kerstin"
WAS IST WAS Junior- Weltatlas für Kinder,
Das Angelbuch für Kids,"Gretler, Thomas"
"Tiere, die kein Schwein kennt","Brown, Martin"
Komm mit zu den Tierkindern!,"Riha, Susanne"
Das Erdmännchen,"Poschadel, Jens R."
Die Geschichte einer Strasse,"Noon, Steve"
Super-Erfinder,"Teichmann, Prof. Dr."
Gewaltig! Gigantisch! Gefährlich!,"Rake, Matthew"
WAS IST WAS - Geld,"Schaller, Andrea"
Wieso Weshalb Warum - Digitale Welt,"Thiele, Lena"
"Kröten, Echsen, Salamander","Lantermann, Yvonne"
Der Eisbär,"Desmond, Jenni"
Indien,"Bourzat, Catherine"
Marokko,"Rauzier, Marie-Pascale"
"Bine Brändle XXL-Vorlagen für fantastische Fensterbilder,","Brändle, Bine"
Öberefahre,"Manser, Friedrich"
Appenzeller sein und bleiben,"Sonderegger, Stefan"
Wieso Weshalb Warum - Unser Werkzeug,"Nieländer, Peter"
"Komm mit raus, Entdeckermaus","Vostradovsk, Tereza"
Abenteuer Raumfahrt,"Sparrow, Giles"
"Vom Elefanten, der das Tanzen lernte","Andersson, Per J."
Zero Waste,"Su, Shia"
Durch den Gotthard,"Beck, Konrad"
500 walks,"Baxter, Sarah"
Wild World,"Dibbern, Julia"
Im Ballett,"Fouquier, Elsa"
"Unterwegs mit Auto, Feuerwehr, Polizei und Eisenbahn","Grimm, Sandra"
Wieso Weshalb Warum - Was macht der Astronaut?,"Nieländer, Peter"
Mikroskopieren,"Bommer, Annerose"
Marie Curie,"Thomas, Isabel"
"Warum merke ich nicht, dass die Erde sich dreht?","Doyle, James"
Kreative Karten,"Fröhlich, Julia"
Memo Wissen entdecken Kids - Große Raubkatzen,"Walker, Sarah"
"111 Orte rund um den Säntis, die man gesehen haben","Kobelt, Nina"
Gesund bleiben,"Vontobel, Roland"
Wundertier Schwamm,"Ammann, Ninon"
Mein Schmetterlingsgarten,"Schwarzer, Elke"
Memo - Fahrzeuge & Transport,"Gray, Leon"
Schnitz it yourself,"Immler, Felix"
Bomben Badespass,"Bercaw, Isabel"
Erforsche deine Welt,"Leitzgen, Anke M."
Entdecke die Hunde,"Köhler, Lina"
Essbare Wildsamen,"Höller, Anke"
WAS IST WAS - Wetter,"Bischoff, Karin"
Vollgas!,"Köller, Kathrin"
WAS IST WAS - Bienen,"Braun, Christina"
WAS IST WAS - Natur entdecken,"Braun, Christina"
WAS IST WAS - Vulkane,"Braun, Christina"
WAS IST WAS - Planeten,"Braun, Christina"
WAS IST WAS - Wale und Delfine,"Braun, Christina"
WAS IST WAS - Wald,"Bischoff, Karin"
WAS IST WAS - Pferde und Ponys,"Braun, Christina"
Globis Wald- und Wiesenkochbuch,"Weiss, Martin"
Unterwegs mit Tieren,"Bamert, Franz"
Lebensgroß,"Haag, Holger"
Racing Driver,"Chapman, Giles"
WAS IST WAS - Bären,"Mayer, Alexandra"
"WAS IST WAS - Wüsten - Nomaden, Oasen und endlose","Werdes, Alexandra"
Kinder dieser Welt,"Harastov, Helena"
So viel Müll!,"French, Jess"
Kettenreaktions-Maschinen zum Selberbauen,"Long, Paul"
WAS IST WAS - Tanz - immer im Takt,"Paxmann, Christine"
100% Abenteuer - Pferde,"Wagner, Florian"
Traktoren aus aller Welt,"Köstnick, Joachim M."
"Martha, du nervst!","Schröder, Brigitta"
Die Räum Dich frei Methode,"Gisin, Daniela"
Homo deus,"Harari, Yuval Noa"
Damals in Monstein,"Thürer, Paul"
Superchecker! - Piraten,"Fox, E.T."
Superchecker! - Roboter,"Lepora, Dr. Nathan"
Superchecker! - Der Mensch,"Choudhury, Bipasha"
Das große Ravensburger Bilderlexikon von A-Z,"Mennen, Patricia"
Wieso Weshalb Warum - Blumen,"Pahlke, Tobias"
Wieso Weshalb Warum - Tierspuren,"Henkel, Christine"
"Komm, ich zeige dir die Wölfe","Ernsten, Svenja"
Welches Tier kackt denn hier?,"Ernsten, Svenja"
Kleine Gase – große Wirkung,"Nelles, David"
Appenzellerland,"Gantenbein, Hans Ulrich"
"Wieso, Weshalb, Warum - Strand","Walentowitz, Steffen"
"Wieso, Weshalb, Warum - Garten","Hacht, Esther von"
"Wieso, Weshalb, Warum - Die Rettungsfahrzeuge","Erne, Andrea"
"Wieso, Weshalb, Warum - Was macht die Prinzessin?","Szesny, Susanne"
WAS IST WAS - Erfindungen,"Baur, Manfred"
WAS IST WAS - Haustiere - unsere liebsten Freunde,"Hackbarth, Annette"
Superchecker - Computer,"Kelly, James Floyd"
"Mein Insektenhotel - Biene, Schmetterling und Käfer","Robin, Clover"
Super-Schleim,
"Ich, Prinzessin aus dem Hause Al Saud","Sasson, Jean P."
Die Baronin im Tresor,"Streun, Franziska"
Plastiksparbuch,
Bye-Bye Plastik!,"Noucher, Sophie"
Kinder Wagen Wege,"Reichmuth, Sandro"
WAS IST WAS - Zukunft,"Flessner, Bernd"
Das total verrückte Küchenlabor,"Gates, Stefan"
WAS IST WAS - Das Mittelalter,"Schaller, Andrea"
Geschenke aus den Bergen,"Fink, Renate"
Happy Easter – die besten Eier zur Osterfeier,"Schröder, Wiebke"
Handlettering Ostern,"Schmiedicke, Katharina"
Entdecke die Bionik,"Hill, Bernd"
WAS IST WAS - Licht und Atome,"Baur, Dr. Manfred"
Unterwegs mit Museumseisenbahnen,"Müller-Urban, Kristiane"
"25 Prozent aller Kinder glauben, dass an Ostern der","Freitag, Karl"
Mein Sach- und Mach-Ritter-Buch,"Kastenhuber, Hannah"
Mein Sach- und Mach-Sommer-Buch,
Die illegale Pfarrerin,"Caprez, Christina"
Ziegen halten,"Haus, Kai"
Schnee war gestern,"Wilson, Hannah"
"Der Tag, an dem meine Tochter verrückt wurde","Greenberg, Michael"
Pflanzliche Notnahrung,"Vogel, Johannes"
"Entdecke Dodo, Beutelwolf & Co","Antonius, Edwin"
Queer Heroes (dt.),"Sicardi, Arabelle"
Neue idyllische Wanderziele in der Schweiz für alle,"Knecht, Natascha"
Lust auf Wandern,"Knecht, Natascha"
Die schönsten Insekten der Schweiz,"Marent, Thomas"
Entdecke die Nashörner,"Wilms, Thomas"
Das große Buch der Hühnerhaltung,"Gutjahr, Axel"
Mein Geschichts-Bilderbuch: Rückwärts durch die Zeit,"Baer, Sam"
Als der Mensch auf Bäumen sass,"Bright, Michael"
Entdecke die Zugvögel,"Schmidt, Thomas"
Welche Tierspur ist das?,"Linstadt, Anna"
Entdecke das Wetter,"Koschak, Michaela"
Naturseifen selber machen,"Westphal, Jutta"
Himmelwärts,"Schwegler, Daniela"
Barracoon,"Hurston, Zora Neale"
In den Iran,"Maturi, Mehdi"
NaturZauber,"Pedevilla, Pia"
WAS IST WAS Erstes Lesen - Dinosaurier,"Bischoff, Karin"
"Wieso, Weshalb, Warum - In den Bergen","Ebert, Anne"
"Wieso, Weshalb, Warum - Tiere in Afrika","Weller, Ursula"
"Wieso, Weshalb, Warum - Die Jahreszeiten","Droop, Constanza"
Mein erster Atlas,"Rossiter, Clair"
Woher wir Menschen kommen,"Barr, Catherine"
Die kleine Buche und ihre Freunde,"Reichenstetter, Friederun"
"Wie, das war mal anders?","Gifford, Clive"
Der Wolf kehrt zurück,"Bloch, Günther"
Brauchtum im Appenzellerland,"König, Christine"
Was wir in den Sternen sehen,"Oseid, Kelsey"
Minecraft für Entdecker,"Pilet, Stéphane"
Hunde,"Clutton-Brock, Juliet"
Drinks ohne Alkohol,"Redies, Alessandra"
Cookies,"Porschen, Peggy"
Mäuse,"Beißwenger, Alexandra"
Minecraft,
Meine große Tierbibliothek: Die Fledermaus,"Poschadel, Dr. Jens"
Einfach retro,"Sorrell, Katherine"
Mit Lieblingssachen durch das Jahr,"Holdack, Laura"
Eat better not less - around the world,"Damaso, Nadia"
1001 Ausflugsziele mit den schönsten KIDS Ausflügen der,"Gohl, Ronald"
"Joggeli, chasch au rite?","Widmer, Karin"
Feste & Bräuche in der Schweiz,"Piatti, Barbara"
WAS IST WAS - Nachwachsende Rohstoffe,"Werdes, Alexandra"
AnyBody,"Gathen, Katharina von der"
Politik,"Boston, Paul"
Astronomie,"Ridpath, Ian"
Deine Fussballschule - So wirst du zum Profi,"Eglinski, Thomas"
Vögel,"Luchesi, Michel"
"Wieso, Weshalb, Warum - Was wächst da?","Droop, Constanza"
"Wieso, Weshalb, Warum - Die Dinosaurier","Weinhold, Angela"
"Wieso, Weshalb, Warum - Was macht der Bauer?","Kreimeyer-Visse, Marion"
Mein erstes Gartenbuch; Der kleine Drache Kokosnuss,"Siegner, Ingo"
Unterm Moos ist viel los!,"Holtfreter, Nastja"
WAS IST WAS - Die Schule geht los!,"Göntgen, Isabelle"
"101 einfache Wege, die Welt zu retten","Andrus, Aubre"
Total verrückte Tiere,"Mills, Andrea"
Entdecke - die Kühe,"Heise, Jutta"
50 sensationelle Schweizerinnen,"Theurer, Laurie"
Die bunte Welt der Flaggen,"Butterfield, Moira"
Nur für Girls,"Cox, Lizzie"
Das große Magic-Cleaning-Buch,"Kondo, Marie"
Lieblingsbrote,"Arrigoni, Katharina"
Kräuter & Wildkräuter,"Höpker, Silke"
Die neuen Klassiker,"Hay, Donna"
Welcher Fisch ist das?,"Bergbauer, Matthias"
Katzen-Sprache,"Ludwig, Gerd"
Memo - Klimawandel,"Woodward, John"
Lonely Planet Europa ohne Flieger,"Planet, Lonely"
Nachhaltig reisen,"Engelhardt, Dirk"
"Wandern, Glück und lange Ohren","Lubkoll, Lotta"
Sterblich sein,"Gawande, Atul"
Über selbstbestimmtes Sterben,"Rüegger, Heinz"
Das passende Leben,"Largo, Remo H."
Schafhaltung auf Kleinflächen,"Gutjahr, Axel"
Memo Wissen; Musikinstrumente,"Ardley, Neil"
Atlas der Säugetiere – Schweiz und Liechtenstein,"Graf, Roland"
Die Orts- und Flurnamen des Landes Appenzell,Stefan Sonderegger
Die Orts- und Flurnamen des Landes Appenzell 2.2,Stefan Sonderegger
WeihnachtsZauber,"Henckel, Hella"
Gemeinsam Spielen!,IKEA
Star wars - Raumschiffe und Fahrzeuge in 3D,"Regan, Lisa Katherine"
"Mein Geld, dein Geld","Schäfer, Mike"
Wut ist ein Geschenk,"Gandhi, Arun"
Land- und Forstmaschinen aus aller Welt,"Köstnick, Joachim M."
Feuerwehr,"Köstnick, Joachim M."
MINT - Wissen gewinnt! Das große Usborne-Buch über,"Miles, Lisa"
Permakultur für Einsteiger,"Mikolajski, Andrew"
Digitale Demenz,"Spitzer, Manfred"
Transaktionsanalyse für Dummies,"Gamber, Paul"
Die Kunst des guten Lebens,"Dobelli, Rolf"
Geschickt kontern: Nie mehr sprachlos!,"Ryborz, Heinz"
Emotionale Intelligenz,"Goleman, Daniel"
Die 6 Säulen des Selbstwertgefühls,"Branden, Nathaniel"
Lebe nach deinen eigenen Regeln,"Lakhiani, Vishen"
"Die Kunst, anders zu leben","Guillebeau, Chris"
Gefühle lesen,"Ekman, Paul"
Am Arsch vorbei geht auch ein Weg - wie sich dein,"Reinwarth, Alexandra"
Das ist auch meine Welt!,"Raidt, Gerda"
Grundwissen Wirtschaft,"Ashauer, Günter"
Hunderassen,"Krämer, Eva-Maria"
Einfach nachhaltig - Weihnachten,"Brachetti, Anna"
Das grandios glibberigglitschige Slime Buch,"Jagan, Alyssa"
Alles über Plastik,"Daynes, Katie"
Minecraft Earth - das Gamer-Buch,"Phillips, Tom"
"Wieso Weshalb Warum - Ampel, Straße und Verkehr","Nieländer, Peter"
Wieso Weshalb Warum - Die Polizei,"Metzger, Wolfgang"
"Wieso Weshalb warum - Sonne, Wind und Regen","Schargan, Constanze"
Wieso weshalb warum - Bald bin ich wieder gesund,"Rübel, Doris"
Der kleine Marienkäfer und die Tiere auf der Wiese,"Grimm, Markus"
"Mein Vogelhaus - Schwalbe, Spatz und Specht","Robin, Clover"
"Mein Zuhause Kaninchen, Fuchs und Adler","Robin, Clover"
Klima ist für alle da,"Rathi, Akshat"
Schweizer LandLiebe - 21/Festtagszauber,
Wohnideen aus Recycling-Materialien,
Superchecker! - Müll und Recycling,"Ganeri, Anita"
WAS IST WAS - Komm mit zu den Pferden,"Meierjürgen, Sonja"
"Wieso, Weshalb, Warum - Das Pony","Roß, Thea"
"Wieso, Weshalb, Warum - Alles über Schiffe","Gernhäuser, Susanne"
"Wieso, Weshalb, Warum - Alles über Rennfahrzeuge","Gernhäuser, Susanne"
Was ist Recycling?,"Daynes, Katie"
Kennst du das? Das große Tiere-Bildwörterbuch,
Was geschah wirklich?,"Martineau, Susan"
WAS IST WAS - Versunkene Schätze / Von Atlantis bis,"Huber, Dr. Florian"
Mahatma Gandhi,
Brücken,"Beljaev, Roman"
Der Code des Lebens,"Häfner, Carla"
Großer Körperatlas,"Zysk, Stefanie"
Insekten retten die Welt,"Lan, Qu"
Alles Geld der Welt,"Konstantinov, Vitali"
Ayrton Senna,"Snchez Vegara, Mara Isabel"
Nein zu Rassismus,"Giannella, Valentina"
Über Tyrannei,"Snyder, Timothy"
"Pferde verstehen, erziehen und reiten","Behling, Silke"
Haie,"McIntyre, John"
Haie,"Smith, Miranda"
Natürlich,"Brunnmeier, Michèle"
So bleibt Ihr Gehirn fit,"Carter, Rita"
Heimische Pflanzen für den Garten,"Schwarzer, Elke"
Köbi Kuhn,"Kuhn, Köbi"
Die Schatten der Ahnen,"Laur, Franziska"
"Alles, was wir nicht erinnern","Hoffmann, Christiane"
Glücksorte in der Provence,"Reidt, Andrea"
Plastikfrei gärtnern,"Schwarzer, Elke"
"111 ungenutzte Pflanzen, die man gegessen haben","Becker, Marisa"
Klär mich auf,"Gathen, Katharina von der"
Das Buch des Regenwurms - Eine Entdeckungsreise,"Coulthard, Sally"
Unser Traumhund: Berner Sennenhund,"Witthausen, Frank"
Umwelt und Energie,"Neumayer, Gabi"
Die Darm-Hirn Connection,"Hasler, Gregor"
Bauer und Bobo,"Klenk, Florian"
Woman on Fire,"de Liz, Sheila"
Die Welt - Das Buch,"Bösz, Sabine"
Ond s Ander a Mönz...,
Das große GU-Praxishandbuch Aquarium,"Schliewen, Ulrich"
Neui Samichlaus-Gedichtli,
Ökologisch gärtnern,"Allaway, Zia"
Lasst uns lernen!,"Durrani, Pashtana"
Ukraine verstehen,"Dobbert, Steffen"
Das große Kosmos Pferdelexikon,"von Kessel, Carola"
Entdecke die Bären,"Bitter, David"
Fußball,"Kozinowski, Jonas"
Fussball-Stars,"Voss, Sven"
Wie wir Menschen die Welt eroberten,"Harari, Yuval Noah"
Dinosaurier - Das große Lexikon,"Brett-Surman, Michael K."
Professor Albert und die faszinierende Welt der,"Ferrn, Sheddad Kaid-Sala"
Guinness world records 2023,
Megawissen Natur & Technik,
Nowhere girl,"Diamond, Cheryl"
Grund zur Hoffnung,"Goodall, Jane"
Farbenblind,"Noah, Trevor"
Tausche Büro gegen Boot,"Brambusch, Jens"
Weinwandern Schweiz,"Wallace, Ellen"
"Wieso, Weshalb, Warum - Kennst du Formen, Farben,","Rübel, Doris"
"Wieso, Weshalb, Warum - Autos und Laster","Weller, Ursula"
"Wieso, Weshalb, Warum - Wie helfe ich der Umwelt?","Kreimeyer-Visse, Marion"
"Superleser - Willkommen, kleiner Hund!","Walker-Hodge, Judith"
Wie toastet der Toaster das Brot?,"Martin, Steve"
Buddhismus & Psychotherapie,"Welwood, John"
Schatzsuche,"Reisch, Elisabeth"
Globis Schweizer Küche,"Weiss, Martin"
Das Liebesleben der Tiere,"Gathen, Katharina von der"
Tiptoi - Im Wald,"Friese, Inka"
Tiptoi - Wir lernen Englisch,"Schargan, Constanze"
Tiptoi - Entdecke die Tiere Afrikas,"Schargan, Constanze"
Tipioi - Der neue Fussball,"Dietl, Erhard"
Tiptoi - Die Welt der Musik,
"Wieso, Weshalb, Warum - Die Uhr und die Zeit","Weinhold, Angela"
Tiptoi - Mein großer Weltatlas,"Schargan, Constanze"
Tiptoi - Entdecke den Bauernhof,Inka Friese
Tiptoi - Entdecke den Bauernhof,Inka Friese
Tiptoi - Unterwegs mit der Feuerwehr,"Böwer, Niklas"
Tiptoi - Mein Lern-Spiel-Abenteuer erste Zahlen,"Voigt, Silke"
Tiptoi - Entdecke den Flughafen,"Großekettler, Friederike"
Tiptoi - Bilderlexikon Tiere,Anne Ebert
Heute back ich ... Brot!,"Davey, Lizzie"
Das inoffizielle Kochbuch zu TikTok,"Mussi, Valentina"
Globi kocht vegi,"Schmid, Heiri"
Die grosse Handlettering Bibliothek - Inspiration &,"Stapff, Christin"
So wunderbar ist unsere Welt!,"French, Jess"
WAS IST WAS - Polarstern / Forschen im Eis,"Kalvelage, Dr. Tim"
Zoo - exklusive Einblicke!,"Davies, Ben Ffrancon"
Tiere der Nacht,"Flint, Katy"
Gefühle hat doch jeder!,"Ahangaran, Reyhaneh"
Einfach erklärt - Künstliche Intelligenz - Fake News -,"Theisen, Manfred"
Der Appenzeller Witz,"Eggenberger, Peter"
Schritte an der Grenze,"Binsack, Evelyne"
Superorgan Darm,"Thuile, Christian"
Fabelhafte Rebellen,"Wulf, Andrea"
Zehn Jahre versklavt,"Michel, Pascal"
Ein Leben mit Ferrari,"Ferrari, Esther"
Junges Gemüse,"Dieng, Anette"
Vegan Kochen - Essen neu denken,"Green, Lea"
Kochen für Babys,"Cramm, Dagmar von"
Raus aus der Plastikfalle,"Salt, Rachel"
Rewilding,"Böcker, Simone"
Midlife,"Bigalke, Katja"
VON WEGEN. Allein auf der Via Alpina – 2363 Kilometer,"Ragettli, Christina"
Entdecke Affen und Lemuren,"Wilms, Agnes"
Kaninchen halten für Einsteiger,"Buschmann, Frederick"
Guinness World Records 2020,"Guinness World Records Ltd.,"
"Mein erster Naturführer, Was lebt im Wald?","Hiller, Julia"
Aufgeklappt und viel entdeckt! - beim Zahnarzt,"Cooke, Tim"
Was tummelt sich am Teich?,"Walczyk, Jana"
Coole Fahrzeuge,"Halsnes, Line"
Experimentebuch,"Roth, Elina"
Entdecke die Pilze,"Thines, Marco"
Knoten,"Lowis, Ulrike"
Natur-Werkstatt,"Kastenhuber, Hannah"
Brillante Brillen,"Stevan, Caroline"
Minecraft - das Kreativ-Handbuch,"McBrien, Thomas"
Guinness World Records 2024,"Guinness World Records Ltd.,"
Pferde und Ponys,"Hassan, Clarisse"
Wasser ist Leben,"Garré, Sarah"
Besonders und wunderbar: seltsame Tiere,"Banfi, Cristina"
Schiffe,"Davies, Bryony"
Im Paradies der weissen Häubchen,"Oberholzer, Alex"
Heimische Vögel richtig füttern,"Wink, Michael"
"Oma, ich fahr schon mal den Rollstuhl vor!","Frank, Martin"
Kinderleicht ins Gespräch kommen,"Liussi, Michèle"
Wetterfest,"Kohler, Hedi"
Mama Selflove,"Enz, Verena"
Das Alter als Geschenk,"Dahlke, Rüdiger"
"Rethink Haushalt. Schadstofffrei putzen, langfristig","Haag, Sabine"
Silvesterchlausen,"Schläpfer, Johannes"
Die Appenzeller Zipfelchappe,"Antilli Frick, Karin"
Waldküche,"Rosenthal, Patrick"
Wilde Ernte,"Bruijnesteijn, Elsje"
"Der Vogel zweifelt nicht am Ort, zu dem er fliegt","Al Shahmani, Usama"
First Overland,"Slessor, Tim"
Wundervolle Welt von Morgen,"Forde, Cindy"
Fibromyalgie - Schmerzen überall,"Weiss, Thomas"
Familienzeit,"Albers, Pernille"
Superchecker - Insekten,"Mills, Andrea"
Bauernmalerei rund um den Säntis,"Hohl, Ernst"
Bartholomäus Lämmler,"Filippa, Guy"
"No legs, no limits!","Böhm, Rüdiger"
Die Nacht,"Bogard, Paul"
Was echte Pferdemädchen wissen müssen ...,"Franck, Sontje"
Mein kleines Paradies für Vögel,"Bastin, Marjolein"
Every Body's Yoga,"Bondy, Dianne"
Das große Neuseeland Kochbuch,"Thom, Murray"
Das Buch der Hoffnung,"Goodall, Jane"
Unter Affen,"Schreiber, Michelle"
Stumme Erde,"Goulson, Dave"
Das 7-Tage-Rezept für guten Schlaf,"Prather, Aric"
Mädchenschule,"Hugues, Pascale"
"111 Dinge über Hühner, die man wissen muss","Hoischen-Taubner, Susanne"
ADHS einfach erklärt,"Hallowell, Edward M."
Silvesterchlausen,"Schläpfer, Johannes"
Out there,"Hermes, Julia"
Senntumsschnitzerei im Appenzellerland und im,"Merz, Hans-Rudolf"
Minecraft - das Kämpfer-Handbuch,"Jelley, Craig"
Minecraft - das Survival-Handbuch,"McBrian, Thomas"
Minecraft - Das Redstone-Handbuch,Minecraft
Supersportwagen,"Löwisch, Roland"
Traktor total,"Roberts, Josephine"
"Dein Kopf, der Superheld","Jong, Wouter de"
Fußball Superstar Tricks,"Courth, Tillman"
Fußball verrückt,"Schmidt, Michael"
Der Garten,"Oftring, Bärbel"
Die spannendsten Outdoor-Experimente für Kinder,"Heinecke, Liz Lee"
333 Kinderwitze - Schule,"Gumpert, Steffen"
Superchecker! - Weltall,
"Stinker, Sauger, Schleimer. 22 großartige Gruseltiere","Häntzschel, Ole"
Superchecker! - Dinosaurier,
Tiptoi - Wir entdecken Pferde und Ponys,"Gernhäuser, Susanne"
Wir sind jetzt vier!,
Faszination Körper,"Wilsher, Jane"
Plötzlich Gänsevater,"Quetting, Michael"
Das Geheimnis der Tränentrinker,"Hilgartner, Roland"
Das Sketchnote-Handbuch,"Rohde, Mike"
Das Sketchnote-Arbeitsbuch,"Rohde, Mike"
Schwangerschafts-Diabetes im Griff,"Snowdon, Bettina"
Ich werde Mama,"Davies, Vanessa"
Babyjahre,"Largo, Remo H."
Tiptoi - Körper,"Prinz, Johanna"
Tiptoi - Meine schönsten Lieder für unterwegs,"Neudert, Cee"
Tiptoi - Meine schönsten Weihnachtslieder,"Schuld, Kerstin M."
Tiptoi - Entdecke die Piraten,"Wandrey, Guido"
Tiptoi - Abenteuer Supermarkt,
Backen und Liebe,"Zetterström, Lotta"
Wavewalker,"Heywood, Suzanne"
Der Junge,"Deplazes, Daniel"
Gebt mir etwas Zeit,"Kerkeling, Hape"
Franz Hohler & friends,"Hohler, Franz"
Guinness World Records Gamer's Edition 2025:,"Guinness World Records Ltd.,"
Guinness World Records 2025,"Guinness World Records Ltd.,"
Land- und Forstmaschinen aus aller Welt,"Köstnick, Joachim M."
"WOW! - Tolle Tiere, fantastische Phänomene,","Hargrave, Kelly"
In der Tierarztpraxis,"Häfner, Carla"
Taylor Swift - Superstar,"McHugh, Carolyn"
Das grosse Jahreszeiten Bastelbuch,"Schiller, Marlies"
Das Nilpferd im Quark,"Kastenhuber, Hannah"
30 berühmte Städte,"Sedlckov, Jana"
Wetter,"Wahler-Meyer, Anne"
Wie die Römer lebten,"Valat, Pierre-Marie"
Guinness World Records - Fahrzeuge,"Kessel, Carola"
Guinness World Records - Sport,"Schiefelbein, Nina"
WAS IST WAS ERSTLESER - Tiere in der Nacht,"Meierjürgen, Sonja"
Weshalb Weshalb Warum - Was ziehen wir an?,"Rübel, Doris"
Abgedrehte Affen,"Shumaker, Debra Kempf"
Mein galaktischer Weltraum-Atlas,"Wilsher, Jane"
Wieso Weshalb Warum - Mein erster Weltatlas,"Ebert, Anne"
Wieso Weshalb Warum - Komm mit zum Reiten,"Brockamp, Melanie"
Ich kann über 80 Tiere malen,"Fellah, Emily"
Wieso Weshalb Warum - Technik bei uns zu Hause,"Rübel, Doris"
Der Pianist,"Szpilman, Wadysaw"
"""Wir sind anders, als ihr denkt""","Mende, Claudia"
Der Buchladen am Ende der Welt,"Shaw, Ruth"
"Der Junge, der nicht hassen wollte","Graber, Shlomo"
Leuchtende Horizonte,"Morgenthaler, Julia"
Das Ökologie-Buch,"Schroeder, Julia"
Igel im Garten,"Neumeier, Monika"
Wandern bei Nacht,"Lewis-Stempel, John"
Vegetarische Tajines & Couscous,"Basan, Ghillie"
Lieblingssuppen,"Philippi, Janneke"
Schauen und Wissen! - Der Dachs,"Rath, Barbara"
"WAS IST WAS - Pferde - Freunde, Freiheit, Abenteuer","Kienle, Dela"
Die Kunst der Ausrede,"Brudermann, Thomas"
Schattenkind,"Gurt, Philipp"
Hoffe,"Franziskus, Papst"
Nexus,"Harari, Yuval Noa"
Das stille Sterben der Natur,"Glaubrecht, Matthias"
Queer,"Davis, Josh L."
Verwobenes Leben,
Wie lange ist nie mehr,"Büchel, Doris"
Die Zukunft unseres Wassers,"Stüdemann, Carolin"
Landkarten-Rätselreise Europa,"Ormo, Nadine"
Unsere Wildbienen,"Wyndham Lewis, Sara"
Butterfly,"Mardini, Yusra"
50 Zugreisen durch Europa,"Rupp, Gabriele"
"Was wäre, wenn wir mutig sind?","Neubauer, Luisa"
Diesseits der Mauer,"Hoyer, Katja"
Kleiner Stoff ganz groß,"Roser, Karin"
Nähen mit Stoffresten,frechverlag
The internet of animals,"Wikelski, Martin"
Das blaue Kind,"Kurka, Peggy"
Frei von Angst und Ablehnung,"Krystal, Phyllis"
Demenz und Alzheimer verstehen,"Buijssen, Huub"
Ein Tagwerk Leben,"Prinz, Dora"
Ich bin nicht mehr eure Tochter,"B., Monika"
Biokisten-Kochbuch,"Schinharl, Cornelia"
Das Grillbuch für den Thermomix,Charly Till
Polenta,"Bänziger, Erica"
Hühner halten,"Schiffer, Katrin Juliane"
Wir mussten flüchten,"Drösser, Christoph"
Ich musste raus,"Hoffmann, Constantin"
Ikigai,"Mogi, Ken'ichir"
"Wie schön es ist, nicht dazugehören zu müssen","Kaminski, Rami"
"Genozid, Holocaust und Israel-Palästina","Barov, Omer"
Weve got the Protein Power,"Niemeier, Heike"
Rassismus im Rückspiegel,"Beldner, Angélique"
Imperium der Schmerzen,"Keefe, Patrick Radden"
Der Salzpfad,"Winn, Raynor"
Frieden,"Osman, Joana"
Rauhnächte – Reguliere dein Nervensystem und schaffe,"Suppiger, Tanja"
Die Reisgöttin,"Dörrie, Doris"
"Ich, die Gurke","Donth, Anik"
"Vertrauen, Spielen, Wachsen","MacNamara, Deborah"
Altes Ägypten,"Willis, Justine"
Guinness World Records - 2026,
MEMO WISSEN - Titanic,"Adams, Simon"
Tunnel,"Snchez, Kiko"
Welcher Stern ist das?,"Dambeck, Susanne"
"WAS IST WAS - Naturwissenschaften easy! Schlau,","Freudenberg, Julia"
Zur See,"Ralphs, Matt"
Ballett,"Oidtmann, Rachel"
Warum schlafen wir?,"Evans, Cathy"
WAS IST WAS - Der Mensch,"Baur, Manfred"
Red Bull racing,"Hunt, Ben"
Minecraft - Lexikon der Mobs,"Stone, Tom"
Die 100 furchterregendsten Dinge der Welt,"Claybourne, Anna"
Eine Stadt im Lauf der Zeit,"Noon, Steve"
Zauberstäbe und ihre Geheimnisse,"Köstler, Stephan"
Kinder aus aller Welt,"Saunders, Catherine"
Erstes Aufklappen und Verstehen: Freundschaft – Was ist,"Sousa, Ashe de"
"WAS IST WAS - Schau mal, Mond und Sonne!","Weller-Essers, Andrea"
Wieso Weshalb Warum - Komm mit zum Zahnarzt,"Rübel, Doris"
"Wieso Weshalb Warum - Ängstlich, wütend, fröhlich sein","Rübel, Doris"
"Wieso Weshalb Warum - junior, Band 79 - Kämmen,","Szesny, Susanne"
"Wieso Weshalb Warum - Erstleser, Band 15: Mein Körper","Noa, Sandra"
Dein Lesestart: Weißt du schon alles über Bienen? Ab 1.,"Küntzel, Karolin"
"Wieso Weshalb Warum - Abschied, Tod und Trauer","Brockamp, Melanie"
WAS IST WAS Junior - Wo wächst Ketchup?,"Dörrzapf, Anke"
Was passiert beim Kinderarzt?,"Kunnas, Mauri"
Drei kleine Buchläden am Ende der Welt,"Shaw, Ruth"
"Zu viel gedacht, zu wenig gelebt","Lehnik, Kai"
"Guten Morgen, Namibia!","Wietersheim, Erika von"
"Ich hatte gehofft, wir können fliegen","Labusch, Caroline"
tiptoi - Erstes Englisch,"Kopp, Susanne"
Das Dschungelbuch,
National geographic world,diverse
Transhelvetica,diverse
Floristik für Weihnachten,diverse
Mein schönes Land - 20/09-10,diverse
animan - 20/12-21/01,
GEO Saison - 20/11,
Adventszauber - 19/12,
Schweizer Landliebe - 21/01,diverse
Toggenburger Magazin - 21/03-04,diverse
GEO Saison - 20/12,
Kochen - 21/06-07,Wildeisen
Auto Motor und Sport - 21/,
Mein Schönes Land - 21/09-10,
GEO Epoche - Nr. 091 - Der kalte Krieg,
Schweizer Garten - 21/10,
Kochen - 21/10,Wildeisen
Auto Motor und Sport - 21/20,
animan - 21/10-11,
Mein Schönes Land - 21/11-12,
GEO - 21/11,
Schweizer Garten - 21/12,
Kochen - 21/12,Wildeisen
Auto Motor und Sport - 21/24,
GEO Saison - 21/12,
Landkind - 22/01-02,
Auto Motor und Sport - 22/01,
Auto Motor und Sport - 21/26,
GEO Epoche - Nr. 053 - Die Wikinger,
Schöner Wohnen - 22/03,
GEO - 22/04,
Appenzeller Magazin - 22/04,
Ein Herz für Tiere - 22/05,
NZZ Geschichte - Nr. 40 - Alles hängt zusammen,
GEO Epoche - Nr. 093,
GEO - 22/08,
Ein Herz für Tiere - 22/08,
GEO - 22/10,
animan - 22/10-11,
GEO - 22/11,
Bloom’s Deco - 22/11-12,
GEO - 22/12,
NZZ Geschichte - 22/12,
Schweizer LandLiebe - 22/08,
GEO - 23/01,
Kochen - 23/01,Wildeisen
Schweizer Garten - 23/01,
Schweizer LandLiebe - 23/Winter,
GEO - 23/02,
NZZ Geschichte,
NZZ Geschichte Nr. 44,
GEO - 23/02,
NZZ Geschichte - 23/04,
NZZ Geschichte - 23/06,
Ein Herz für Tiere - 23/06-07,
NZZ Geschichte - 23/09,
NZZ Geschichte - 23/10,
Blooms Deco - 23/11-12,
Annemarie Wildeisen Kochen - 2023/11-12,Wildeisen Annemarie
Schweizer Landliebe - 23/12 - 24/01,
NZZ Geschichte - 23/12,
Appenzeller Magazin - 25/9,
Appenzeller Magazin - 24/01,
Toggenburger Magazin - 25/9-10,
Schöner Wohnen - 2024/02,
NZZ Geschichte - 24/2,
Appenzeller Magazin - 24/02,
Leben und Gesundheit - 2024/02,
Appenzeller Magazin - 24/03,
Geo - 2024/04,
NZZ Geschichte - 24/3,
Appenzeller Magazin - 24/04,
Toggenburger Magazin - 24/05-06,
NZZ Geschichte - 24/5,
Appenzeller Magazin - 23/05,
Appenzeller Magazin -2024/6,
"Typisch, Juni 2024",
Appenzeller Magazin - 2024/7,
Appenzeller Magazin - 24/8,
Toggenburger Magazin - 24/7-8,
NZZ Geschichte - 24/7,
Traumhaus - 2025/9-10,
Einfach Kochen - 2025/9,Wildeisen Annemarie
Schweizer Landliebe - 2024/6,
Appenzeller Magazin - 24/9,
Geo Epoche - N. 125,
Geo Epoche - N. 28,
Geo Epoche - N.119,
Toggenburger Magazin - 24/9-10,
Land Idee - 2024/11-12,
NZZ Geschichte - 24/9,
Schweizer Landliebe - 2024/Herbst,
Appenzeller Magazin - 24/10,
Blooms Deco - 2024/11-12,
Appenzeller Magazin - 24/11,
Toggenburger Magazin - 24/11-12,
Landliebe - 24-25/12-1,
NZZ Geschichte - 2024/12,
Appenzeller Magazin - 24/12,
Schweizer Garten -24/12,
Annemarie Wildeisens Kochen - 2024/12,Wildeisen Annemarie
Schöner Wohnen - 2025/1,
Appenzeller Magazin - 25/1,
Annemarie Wildeisens Kochen - 2025/1-2,Wildeisen Annemarie
Toggenburger Magazin - 25/1-2,
Berg Welten - 2025/2-3,
Schöner Wohnen; Februar 2025,
Appenzeller Magazin - 25/2,
Schweizer Landliebe - 2025/1,
NZZ Geschichte - 25/2,
Schöner Wohnen - 2025/3,
Schweizer Garten - 2025/3a,
Appenzeller Magazin - 2025/3,
Toggenburger Magazin - 25/4,
Annemarie Wildeisens Kochen - 2025; 3,Wildeisen Annemarie
Schweizer Landliebe - 2025 n. 2,
Schweizer Garten - 2025/4,
Geo - 2025/4,
Schöner Wohnen - 2025/4,
NZZ Geschichte - 2025/3,
Kochen; April 2025,Wildeisen Annemarie
Schweizer Garten - 2025/5,
Appenzeller Magazin - 25/4,
Traumhaus - 25/5-6,
Reisemagazin - 2025/5-6,
Schöner Wohnen - 2025/5,
Geo - 2025/5,
Schweizer Landliebe - 2025/Frühsommer,
Appenzeller Magazin - 25/5,
Toggenburger Magazin - 25/5-6,
EINFACH.Kochen by META HILTEBRAND - 2025/5,
NZZ Geschichte - 2025/5,
Schweizer Garten - 2025/6,
Schöner Wohnen - Juni 2025,
Geo - 2025/6,
Appenzeller Magazin - 25/6,
EINFACH.Kochen by META HILTEBRAND,
Schweizer Landliebe - Sommer 2025,
Reisemagazin - 2025/7-8,
Schöner Wohnen - Juli 2025,
Geo - 2025/7,
Schweizer Garten -2025/7,
Appenzeller Magazin - 25/7,
Berg Welten - 2025/8-9,
Schöner Wohnen; August 2025,
Geo - 2025/8,
Toggenburger Magazin - 23/7-8,
Schweizer Garten - 2025/8,
EINFACH.Kochen by META HILTEBRAND - 2025/8,
Appenzeller Magazin - 25/8,
NZZ Geschichte - 25/07,
Schweizer Garten - 2025/9,
Schweizer Landliebe - 2025/6,
Schöner Wohnen; September 2025,
Psychologie Heute - 2025/9,
Geo Epoche - 2025/134,
Flow - 2025/92,
Good Health - 2025/8-9,
Geo - 2025/9,
Ein Herz für Tiere - 2025/9,
Geo - 2025/9,
EINFACH.Kochen by META HILTEBRAND - 2025/10,
Schweizer Garten - 2025/10,
Schöner Wohnen - 2025/10,
Psychologie Heute - 2025/10,
Good Health - 2025/9-10,
Geo - 2025/10,
NZZ Geschichte - 2025/9,
Flow - 2025/93,
Psychologie Heute - 2025/11,
Geo - 2025/11,
Schöner Wohnen - 2025/11,
Geo Epoche - 2025/134,
Schweizer Garten - 2025/11,
Schweizer Landliebe - 2025/Herbst,
Appenzeller Magazin - 25/10,
Traumhaus - 25/11-12,
EINFACH.Kochen by META HILTEBRAND - 2025/11,
Appenzeller Magazin - 25/11,
Toggenburger Magazin - 25/11-12,
Schweizer Landliebe - 2025/Winter,
Schweizer Garten - 2025/12,
Schöner Wohnen - 2025/12,
Good Health - 2025/10-11,
Flow - 2025/94,
Psychologie Heute - 2025/12,
Geo - 2025/12,
Appenzeller Magazin - 25/12,
NZZ Geschichte - 2025/12,
EINFACH.Kochen by META HILTEBRAND,
Schöner Wohnen - 2026/1,
Psychologie Heute - 2026/1,
Geo Epoche - 2026/136,
Good Health - 2025-26/12-1,
Geo - 2026/1,
Schweizer Garten - 2026/1,
Appenzeller Magazin - 26/1,
Landidee - 2026/1-2,no result
Landlust - 2026/1-2,
Toggenburger Magazin - 26/1-2,
EINFACH.Kochen by META HILTEBRAND - 2026/1-2,
Schweizer Garten - 2026/2,
Schöner Wohnen - 2026/2,
Psychologie Heute - 2026/2,
Flow - 2026/95,
Good Health - 2026/1-2,
Geo - 2026/2,
Geo Epoche - 2016/Nr.79,
Geo Epoche - 2016/Nr.80,
Geo Epoche -2013/Nr.59,
Geo Epoche - 2026/137,
Schöner Wohnen - 2026/3,
Psychologie Heute - 2026/3,
Geo - 2026/3,
Appenzeller Magazin - 26/2,
Schweizer Landliebe - 2026/Frühling,
Schweizer Garten - 2026/3,
NZZ Geschichte - 26/2,
Appenzeller Magazin - 26/3,
Toggenburger Magazin - 26/3-4,
Schweizer Garten - 2026/4,
Schweizer Landliebe - 2026/Frühling,
Geo - 2026/4,
Flow - 2026 - Nr. 96,
Good Health - 2026 - 3/4,
Psychologie Heute - 2026/4,
Schöner Wohnen; April 2026,
NZZ Geschichte - 2026/4,
Appenzeller Magazin - 26/4,
